Player_num,player,team,YAR,DVOA,VOA,QBR,pass,yards,Eyds,TD,FK,FL,INT,comp_perc,ALEX,year,completions,yds_per_comp,DYAR_per_comp,Eyds_per_comp,DYAR
1,A.Dalton,CIN,75,-0.086,-0.090,41.1,536,3061,2894,25,0,4,12,0.60,2.2,2017,323,9.5,0.3,9.0,87
2,A.Dalton,CIN,406,0.052,0.053,59.4,383,2405,2543,21,1,0,10,0.62,1.1,2018,239,10.1,1.7,10.6,404
3,A.Dalton,CIN,-63,-0.106,-0.129,40.1,558,3230,2934,16,1,4,14,0.60,1.2,2019,337,9.6,0.1,8.7,19
4,A.Dalton,CIN,667,0.076,0.058,52.3,605,3915,4165,18,5,2,8,0.65,0.8,2016,393,10.0,1.9,10.6,738
5,A.Dalton,CIN,1059,0.317,0.289,72.5,409,3103,3676,26,2,2,7,0.66,1.9,2015,270,11.5,4.2,13.6,1135
6,A.Dalton,CIN,238,-0.037,-0.036,49,502,3284,2882,19,0,1,17,0.64,-0.4,2014,322,10.2,0.7,8.9,237
7,A.Dalton,CIN,612,0.023,0.041,54.8,615,4088,3976,33,1,3,20,0.62,2.4,2013,383,10.7,1.4,10.4,541
8,A.Dalton,CIN,339,-0.059,-0.019,47.3,571,3422,3236,27,0,4,15,0.63,2.4,2012,359,9.5,0.5,9.0,194
9,A.Dalton,CIN,481,0.056,0.029,49.5,540,3224,3546,20,1,2,13,0.58,1.8,2011,315,10.2,1.8,11.3,573
10,A.Davis,CLE,-287,-0.529,-0.558,33.6,105,425,152,1,0,1,3,0.61,0.9,2015,64,6.6,-4.2,2.4,-269
11,A.Davis,STL,-2,-0.088,-0.112,44.8,312,1819,1687,12,2,3,9,0.64,2.1,2014,199,9.1,0.2,8.5,47
12,A.J.Feeley,STL,-171,-0.406,-0.375,27.8,107,477,261,1,1,2,2,0.55,-2.4,2011,58,8.2,-3.3,4.5,-192
13,A.Luck,IND,1152,0.133,0.152,69.6,656,4430,4982,39,3,1,15,0.68,0.1,2018,444,10.0,2.4,11.2,1070
14,A.Luck,IND,671,0.073,0.061,65.9,586,3958,4117,31,1,4,13,0.64,1.5,2016,375,10.6,1.9,11.0,719
15,A.Luck,IND,-189,-0.175,-0.206,52.4,306,1783,1435,15,2,0,12,0.56,2.5,2015,171,10.4,-0.7,8.4,-126
16,A.Luck,IND,829,0.092,0.080,64,645,4573,4681,40,5,5,16,0.62,3.5,2014,401,11.4,2.2,11.7,879
17,A.Luck,IND,623,0.046,0.039,63.8,606,3612,4213,23,3,2,9,0.61,2.2,2013,367,9.9,1.8,11.5,650
18,A.Luck,IND,366,-0.051,-0.026,64.3,662,4089,3793,23,5,5,17,0.55,3.6,2012,364,11.2,0.7,10.4,257
19,A.Rodgers,GB,308,0.078,0.063,62.6,259,1513,1872,16,0,1,6,0.65,3.9,2017,168,9.0,2.0,11.1,334
20,A.Rodgers,GB,694,0.081,0.052,58,644,4032,4533,25,1,3,2,0.63,4.5,2018,405,10.0,2.0,11.2,817
21,A.Rodgers,GB,817,0.090,0.096,50.4,605,3707,4250,26,0,4,4,0.62,4.1,2019,377,9.8,2.1,11.3,794
22,A.Rodgers,GB,1299,0.187,0.192,72.4,644,4175,5198,40,2,2,6,0.66,3.8,2016,425,9.8,3.0,12.2,1279
23,A.Rodgers,GB,258,-0.010,-0.047,60,617,3489,3802,31,4,4,8,0.61,3.5,2015,376,9.3,1.1,10.1,406
24,A.Rodgers,GB,1581,0.322,0.327,77.8,550,4168,5035,38,6,2,5,0.66,4.2,2014,362,11.5,4.3,13.9,1564
25,A.Rodgers,GB,762,0.254,0.264,61.6,310,2413,2644,18,3,0,6,0.67,2.5,2013,207,11.7,3.6,12.8,740
26,A.Rodgers,GB,1276,0.234,0.204,71.3,602,4016,5156,39,1,4,8,0.68,3.8,2012,408,9.9,3.4,12.7,1395
27,A.Rodgers,GB,2121,0.466,0.484,83.8,537,4438,5670,45,3,0,6,0.69,4.1,2011,369,12.0,5.6,15.4,2059
28,A.Rodgers,GB,1241,0.268,0.255,69.6,505,3710,4470,28,3,0,10,0.66,3.9,2010,334,11.1,3.8,13.4,1286
29,A.Smith,KC,1071,0.183,0.196,61.6,541,3840,4203,26,1,1,5,0.68,0.7,2017,366,10.5,2.8,11.5,1026
30,A.Smith,WAS,95,-0.135,-0.069,46.9,350,2033,1722,10,4,1,5,0.63,0.3,2018,222,9.2,-0.2,7.8,-53
31,A.Smith,KC,538,0.094,0.049,60.8,518,3372,3635,16,1,4,8,0.67,0.5,2016,349,9.7,2.0,10.4,688
32,A.Smith,KC,359,0.030,-0.003,61.1,516,3243,3303,20,2,0,7,0.66,-3.4,2015,338,9.6,1.4,9.8,468
33,A.Smith,KC,527,0.041,0.051,52,511,3039,3285,19,0,1,6,0.66,-2.4,2014,335,9.1,1.5,9.8,493
34,A.Smith,KC,416,-0.037,0.007,45,545,3080,3194,23,3,3,7,0.61,-2.1,2013,334,9.2,0.8,9.6,262
35,A.Smith,SF,365,0.148,0.115,64.3,243,1610,1866,13,0,1,5,0.70,-1,2012,171,9.4,2.4,10.9,418
36,A.Smith,SF,354,0.033,0.003,54.5,492,2857,3100,17,3,2,5,0.62,-0.7,2011,304,9.4,1.5,10.2,448
37,A.Smith,SF,0,-0.122,-0.111,43.8,364,2173,1828,14,2,2,10,0.61,0.4,2010,222,9.8,-0.1,8.2,-26
38,A.Tanney,TEN,2,-0.085,-0.089,43.3,17,65,87,1,0,0,0,0.71,1.3,2015,12,5.4,0.2,7.2,3
39,AJ McCarron,CIN,-11,-0.111,-0.254,21.3,15,57,61,0,0,0,0,0.50,-6.8,2017,8,7.6,0.0,8.1,0
40,AJ McCarron,HOU,-91,-0.436,-0.420,25.5,42,182,107,0,0,0,1,0.57,3,2019,24,7.6,-4.0,4.5,-96
41,AJ McCarron,CIN,138,0.069,0.053,54.8,132,781,882,6,0,1,2,0.66,3.3,2015,88,8.9,1.7,10.1,151
42,B.Allen,DEN,-168,-0.305,-0.396,38.1,93,456,320,3,0,0,2,0.46,0.7,2019,43,10.6,-2.7,7.4,-115
43,B.Bortles,JAX,597,0.003,0.057,55.6,547,3552,3417,21,4,3,13,0.60,0.7,2017,330,10.8,1.2,10.4,408
44,B.Bortles,JAX,-177,-0.189,-0.174,43.4,435,2549,1986,13,4,2,10,0.60,0.2,2018,262,9.7,-0.8,7.6,-221
45,B.Bortles,JAC,3,-0.100,-0.111,43,662,3704,3636,23,1,6,16,0.59,1.7,2016,391,9.5,0.1,9.3,52
46,B.Bortles,JAC,100,-0.099,-0.088,51.4,657,4089,3549,35,7,4,18,0.59,2.6,2015,387,10.6,0.1,9.2,54
47,B.Bortles,JAC,-935,-0.407,-0.400,28,530,2554,1310,11,5,0,16,0.59,-0.8,2014,313,8.2,-3.0,4.2,-955
48,B.Brohm,BUF,-199,-1.309,-1.356,24.4,26,101,-131,0,0,1,3,0.44,3.3,2010,11,8.9,-16.9,-11.6,-191
49,B.Croyle,KC,-158,-1.280,-1.436,6.1,23,9,-93,0,0,0,1,0.42,-3.8,2010,10,0.9,-14.4,-9.6,-139
50,B.Favre,MIN,-363,-0.231,-0.260,38.4,382,2317,1567,11,2,3,19,0.61,1.7,2010,233,9.9,-1.2,6.7,-291
51,B.Gabbert,ARI,-304,-0.264,-0.358,30.7,194,944,738,6,3,2,6,0.56,0.2,2017,108,8.7,-1.7,6.8,-189
52,B.Gabbert,TEN,-102,-0.355,-0.273,27,106,576,305,4,0,0,4,0.61,0.5,2018,65,8.9,-2.4,4.7,-154
53,B.Gabbert,SF,-205,-0.254,-0.296,54.1,172,876,679,5,0,0,6,0.57,-1.2,2016,98,8.9,-1.6,6.9,-158
54,B.Gabbert,SF,-118,-0.156,-0.174,37.6,308,1866,1416,10,2,1,7,0.63,-2.4,2015,194,9.6,-0.4,7.3,-85
55,B.Gabbert,JAC,-480,-0.841,-0.929,4,98,410,-111,1,2,0,7,0.49,-2.6,2013,48,8.6,-9.0,-2.3,-429
56,B.Gabbert,JAC,-309,-0.253,-0.275,36.3,301,1491,1163,9,2,3,6,0.58,-2.1,2012,175,8.5,-1.5,6.6,-268
57,B.Gabbert,JAC,-897,-0.465,-0.425,22.2,457,1888,924,12,6,4,11,0.51,-1.8,2011,234,8.1,-4.3,4.0,-1010
58,B.Gradkowski,CIN,-8,-0.149,-0.213,35.3,12,60,60,0,1,0,0,0.46,1.8,2012,5,11.0,-0.5,11.0,-3
59,B.Gradkowski,CIN,-46,-0.584,-0.542,20.1,19,102,17,1,0,0,1,0.44,-3.2,2011,8,12.1,-6.0,2.0,-51
60,B.Gradkowski,OAK,-60,-0.210,-0.168,26.3,167,974,719,5,2,1,7,0.53,-0.1,2010,89,11.0,-1.2,8.1,-106
61,B.Hoyer,2TM,-111,-0.167,-0.188,31.9,228,1154,1055,4,0,1,4,0.59,0.1,2017,135,8.6,-0.6,7.8,-80
62,B.Hoyer,IND,-140,-0.531,-0.446,16.3,70,332,100,4,1,1,4,0.54,-0.3,2019,38,8.8,-4.6,2.7,-175
63,B.Hoyer,CHI,506,0.194,0.271,55.1,204,1435,1616,6,1,1,0,0.68,1.3,2016,138,10.4,2.9,11.7,404
64,B.Hoyer,HOU,372,-0.030,0.039,52.8,394,2400,2266,19,4,2,5,0.61,2.5,2015,240,10.0,0.8,9.4,201
65,B.Hoyer,CLE,255,-0.053,-0.022,38.7,465,3170,2513,12,2,1,12,0.56,1.1,2014,259,12.2,0.6,9.7,166
66,B.Hoyer,CLE,27,-0.104,-0.072,51.1,103,553,546,5,0,0,3,0.60,1.3,2013,62,8.9,0.1,8.8,5
67,B.Hoyer,ARI,-119,-0.265,-0.415,33.3,57,300,234,1,1,0,2,0.57,-1.8,2012,32,9.3,-1.9,7.3,-60
68,B.Hoyer,NE,27,0.161,0.160,60,15,122,118,1,0,0,1,0.47,2.8,2010,7,17.4,3.9,16.8,27
69,B.Hundley,GB,-517,-0.283,-0.335,41.2,347,1607,1318,9,1,1,12,0.61,2,2017,212,7.6,-1.9,6.2,-396
70,B.Hundley,ARI,-44,-0.623,-0.641,79.2,13,38,9,0,0,0,0,0.46,6,2019,6,6.4,-7.3,1.5,-43
71,B.Hundley,GB,-75,-1.092,-1.029,5,11,16,-43,0,1,0,1,0.20,5.7,2016,2,7.3,-36.4,-19.5,-80
72,B.Leftwich,PIT,-16,-0.145,-0.156,28.1,56,248,268,0,0,0,1,0.47,8.8,2012,26,9.4,-0.5,10.1,-12
73,B.Mayfield,CLE,610,0.081,0.075,51.2,509,3549,3486,27,1,3,14,0.64,1.8,2018,327,10.9,1.9,10.7,628
74,B.Mayfield,CLE,-68,-0.098,-0.130,52.4,573,3516,3029,22,3,2,21,0.60,1.6,2019,342,10.3,0.1,8.9,48
75,B.Osweiler,DEN,-90,-0.162,-0.193,46.4,180,1018,812,5,1,1,5,0.57,-1.9,2017,102,10.0,-0.6,8.0,-56
76,B.Osweiler,MIA,-50,-0.177,-0.150,34.5,195,1112,925,7,0,1,4,0.64,1.4,2018,124,8.9,-0.7,7.4,-85
77,B.Osweiler,HOU,-477,-0.261,-0.245,49.3,535,2739,2139,15,3,1,15,0.60,0.6,2016,318,8.6,-1.7,6.7,-533
78,B.Osweiler,DEN,140,-0.032,-0.039,54.9,299,1813,1765,10,2,1,6,0.62,1.7,2015,185,9.8,0.8,9.6,153
79,B.Osweiler,DEN,1,-0.197,-0.100,14.7,10,42,39,1,0,0,0,0.44,1,2014,4,9.5,-1.1,8.8,-5
80,B.Osweiler,DEN,18,-0.085,0.038,39,18,87,102,0,0,0,0,0.69,2.4,2013,12,7.0,0.2,8.2,3
81,B.Petty,NYJ,-182,-0.268,-0.346,26.7,121,492,459,1,1,0,1,0.50,1.6,2017,61,8.1,-2.0,7.5,-122
82,B.Petty,NYJ,-342,-0.575,-0.494,15.9,146,732,158,3,0,1,7,0.56,1.3,2016,82,8.9,-5.0,1.9,-414
83,B.Quinn,KC,-448,-0.438,-0.444,25.4,219,1018,489,2,1,0,7,0.57,0.2,2012,125,8.1,-3.5,3.9,-440
84,B.Roethlisberger,PIT,1247,0.218,0.212,63.2,580,4112,4834,28,2,1,14,0.65,2.4,2017,375,11.0,3.4,12.9,1270
85,B.Roethlisberger,PIT,1070,0.145,0.117,69.6,696,4944,5418,34,1,2,16,0.67,1.4,2018,469,10.5,2.6,11.5,1204
86,B.Roethlisberger,PIT,-32,0.054,-0.188,27.1,64,338,430,0,1,0,1,0.57,3.3,2019,36,9.3,1.9,11.9,69
87,B.Roethlisberger,PIT,790,0.121,0.116,60.5,524,3678,3894,29,2,2,13,0.65,4.2,2016,340,10.8,2.4,11.5,807
88,B.Roethlisberger,PIT,1056,0.221,0.204,72.8,489,3809,4214,21,0,0,16,0.68,7.1,2015,333,11.4,3.3,12.6,1114
89,B.Roethlisberger,PIT,1505,0.268,0.251,69.4,636,4761,5483,32,2,4,9,0.68,2.3,2014,434,11.0,3.6,12.6,1572
90,B.Roethlisberger,PIT,764,0.066,0.076,58,621,3981,4267,28,1,5,14,0.65,1.1,2013,403,9.9,1.8,10.6,724
91,B.Roethlisberger,PIT,764,0.132,0.133,71.9,473,3068,3558,25,1,2,8,0.64,1.5,2012,304,10.1,2.5,11.7,761
92,B.Roethlisberger,PIT,841,0.134,0.126,68.3,555,3806,4039,21,3,5,14,0.64,4.4,2011,353,10.8,2.5,11.4,870
93,B.Roethlisberger,PIT,1013,0.312,0.292,67.4,414,2975,3469,17,3,2,5,0.63,2.3,2010,262,11.4,4.1,13.2,1062
94,B.St. Pierre,CAR,-127,-0.804,-0.950,10.9,31,150,-21,1,0,0,2,0.46,-3.6,2010,14,10.4,-7.3,-1.5,-105
95,B.Weeden,2TM,209,0.038,0.112,53.2,149,967,940,5,1,1,2,0.70,-1.1,2015,104,9.3,1.3,9.0,139
96,B.Weeden,DAL,25,-0.035,-0.020,4.9,42,294,247,3,0,0,2,0.59,2.3,2014,25,12.0,0.9,10.1,21
97,B.Weeden,CLE,-429,-0.361,-0.354,34.4,293,1535,824,9,4,2,9,0.53,0.2,2013,156,9.8,-2.8,5.3,-443
98,B.Weeden,CLE,-210,-0.194,-0.171,33.7,546,3185,2428,14,3,1,17,0.58,-0.3,2012,316,10.1,-0.9,7.7,-291
99,C.Batch,PIT,-14,-0.130,-0.142,40.8,74,469,359,1,0,0,4,0.65,4,2012,48,9.8,-0.2,7.5,-8
100,C.Batch,PIT,2,-0.111,-0.102,21.8,26,198,138,0,0,0,1,0.63,-0.2,2011,16,12.2,0.0,8.5,0
101,C.Batch,PIT,-62,-0.239,-0.296,53.4,54,326,212,3,1,0,3,0.61,3,2010,33,9.9,-1.3,6.4,-43
102,C.Cook,OAK,-66,-0.239,-0.516,14.7,23,141,104,1,1,1,1,0.67,-1.3,2016,15,9.2,-1.4,6.8,-21
103,C.Daniel,CHI,-87,-0.379,-0.264,27.5,87,462,250,3,3,0,2,0.70,-3.9,2018,61,7.6,-2.5,4.1,-152
104,C.Daniel,CHI,15,-0.132,-0.078,57.6,71,387,353,3,0,0,2,0.70,-1.3,2019,50,7.8,-0.2,7.1,-9
105,C.Daniel,KC,-18,-0.244,-0.197,23.6,32,140,130,0,0,0,0,0.57,1.5,2014,18,7.7,-1.5,7.1,-28
106,C.Daniel,KC,22,-0.136,-0.020,70,40,237,183,1,0,0,1,0.66,-4.5,2013,26,9.0,-0.2,7.0,-6
107,C.Hanie,CHI,-484,-0.786,-0.807,19,118,474,-77,3,1,0,8,0.52,1.6,2011,61,7.8,-7.7,-1.3,-470
108,C.Henne,JAC,-210,-0.543,-0.475,26,94,393,126,3,0,1,1,0.54,1.8,2014,51,7.8,-4.9,2.5,-249
109,C.Henne,JAC,-149,-0.139,-0.155,34.9,541,2972,2623,13,2,0,14,0.61,-1.8,2013,330,9.0,-0.3,7.9,-94
110,C.Henne,JAC,-171,-0.246,-0.192,29,334,1912,1333,11,0,2,10,0.54,2,2012,182,10.5,-1.6,7.3,-286
111,C.Henne,MIA,100,-0.027,0.015,62.5,123,801,727,4,0,0,4,0.57,-1.2,2011,70,11.4,1.0,10.4,67
112,C.Henne,MIA,291,0.010,-0.023,45.7,521,3117,3211,15,2,1,18,0.62,0.9,2010,322,9.7,1.2,10.0,402
113,C.J.Beathard,SF,-271,-0.231,-0.296,32,243,1286,944,4,1,2,6,0.56,1.3,2017,135,9.5,-1.3,7.0,-176
114,C.J.Beathard,SF,-188,-0.243,-0.270,41.5,188,1101,740,8,1,3,7,0.60,-1.1,2018,114,9.7,-1.4,6.5,-156
115,C.Jones,BUF,-46,-0.846,-0.662,15,12,94,-16,0,0,0,1,0.55,5,2016,7,14.4,-9.5,-2.4,-62
116,C.Kaepernick,SF,-99,-0.175,-0.155,49.2,366,2044,1636,16,6,1,4,0.59,0.4,2016,217,9.4,-0.7,7.5,-145
117,C.Kaepernick,SF,-249,-0.215,-0.253,43.7,273,1446,1168,6,1,1,5,0.59,0.6,2015,161,9.0,-1.1,7.3,-182
118,C.Kaepernick,SF,176,-0.084,-0.059,58.1,532,3033,2816,19,1,3,10,0.61,2.3,2014,322,9.4,0.3,8.7,91
119,C.Kaepernick,SF,650,0.166,0.117,67.3,456,2969,3358,21,1,3,7,0.58,0.9,2013,266,11.1,3.0,12.6,791
120,C.Kaepernick,SF,462,0.258,0.196,73.7,234,1687,1957,10,2,0,3,0.63,0.8,2012,147,11.5,3.8,13.3,555
121,C.Keenum,MIN,1307,0.281,0.285,69.7,503,3403,4420,22,0,1,7,0.68,0.4,2017,340,10.0,3.8,13.0,1293
122,C.Keenum,DEN,-41,-0.127,-0.122,44.5,620,3634,3127,18,6,2,14,0.63,0.1,2018,388,9.4,-0.2,8.1,-63
123,C.Keenum,WAS,109,-0.081,-0.046,43.5,260,1565,1413,11,2,2,5,0.65,-1.3,2019,170,9.2,0.3,8.3,51
124,C.Keenum,LAR,-174,-0.195,-0.191,37.5,345,2054,1507,9,2,1,11,0.61,0.7,2016,210,9.8,-0.9,7.2,-183
125,C.Keenum,STL,144,-0.011,0.063,34.8,131,795,778,4,1,1,1,0.61,0.2,2015,80,9.9,1.0,9.7,83
126,C.Keenum,HOU,-43,-0.208,-0.194,39.3,80,422,355,2,0,1,2,0.58,-2.4,2014,47,9.0,-1.1,7.6,-50
127,C.Keenum,HOU,-201,-0.224,-0.229,48.6,270,1550,1111,9,3,3,6,0.55,1.3,2013,149,10.4,-1.3,7.5,-191
128,C.Kessler,CLE,-73,-0.664,-0.525,5.1,30,82,9,0,0,0,1,0.50,-1.1,2017,15,5.5,-6.5,0.6,-98
129,C.Kessler,JAX,-393,-0.597,-0.528,25.9,153,555,131,2,2,3,2,0.65,0,2018,99,5.6,-4.6,1.3,-458
130,C.Kessler,CLE,80,-0.076,-0.054,43.4,218,1225,1196,6,3,1,2,0.66,-0.8,2016,144,8.5,0.3,8.3,50
131,C.McCoy,WAS,-114,-0.408,-0.396,38.8,58,338,160,3,1,0,3,0.65,3.7,2018,38,8.9,-3.1,4.2,-119
132,C.McCoy,WAS,-189,-0.738,-1.152,13.9,33,80,-9,0,2,0,1,0.67,-3.7,2019,22,3.6,-5.2,-0.4,-114
133,C.McCoy,WAS,14,0.209,0.096,42.5,12,114,86,1,1,0,0,0.64,1.8,2015,8,14.9,2.9,11.3,22
134,C.McCoy,WAS,-9,-0.159,-0.121,40,145,947,663,4,3,1,3,0.71,-1.3,2014,103,9.2,-0.4,6.4,-43
135,C.McCoy,CLE,-23,-0.027,-0.300,29.3,21,54,116,1,0,0,0,0.53,-3.8,2012,11,4.9,0.9,10.4,10
136,C.McCoy,CLE,-161,-0.151,-0.160,45.9,498,2532,2491,14,6,1,11,0.58,-0.7,2011,287,8.8,-0.5,8.7,-132
137,C.McCoy,CLE,84,-0.018,-0.058,52.8,245,1465,1462,6,1,0,9,0.61,1.4,2010,150,9.8,1.0,9.7,148
138,C.Newton,CAR,197,-0.069,-0.052,47.7,525,3059,2872,22,4,0,15,0.60,2.5,2017,312,9.8,0.5,9.2,141
139,C.Newton,CAR,407,-0.014,0.011,53.2,497,3159,3096,24,3,0,13,0.69,1.1,2018,341,9.3,0.9,9.1,321
140,C.Newton,CAR,-8,-0.080,-0.125,21.1,94,529,508,0,0,0,1,0.57,-0.5,2019,53,9.9,0.4,9.5,19
141,C.Newton,CAR,-64,-0.130,-0.130,47.1,543,3223,2654,19,0,2,14,0.53,3.5,2016,290,11.1,-0.2,9.2,-64
142,C.Newton,CAR,855,0.076,0.143,61.4,526,3558,3567,35,0,1,10,0.60,3,2015,316,11.3,2.0,11.3,630
143,C.Newton,CAR,-46,-0.145,-0.126,56.2,485,2841,2365,18,3,4,11,0.59,2.6,2014,285,10.0,-0.4,8.3,-105
144,C.Newton,CAR,321,0.017,-0.013,64.3,513,3040,3198,24,0,1,13,0.62,1.3,2013,319,9.5,1.3,10.0,421
145,C.Newton,CAR,422,0.020,0.020,55.7,521,3621,3186,19,5,1,12,0.58,2.6,2012,303,12.0,1.4,10.5,422
146,C.Newton,CAR,428,0.008,0.015,56.6,551,3810,3289,21,3,2,17,0.60,1.6,2011,332,11.5,1.2,9.9,407
147,C.Painter,NYG,-117,-0.912,-1.020,0.5,19,45,-37,0,2,0,1,0.50,-0.2,2013,10,4.7,-10.8,-3.9,-103
148,C.Painter,IND,-312,-0.332,-0.295,30.9,261,1412,855,6,2,3,9,0.55,1.6,2011,142,9.9,-2.6,6.0,-374
149,C.Palmer,ARI,276,-0.032,0.039,46.3,289,1828,1666,10,0,0,7,0.61,0.3,2017,177,10.3,0.8,9.4,145
150,C.Palmer,ARI,283,-0.078,-0.043,52.9,643,3908,3549,26,9,4,14,0.62,-0.1,2016,397,9.9,0.3,8.9,137
151,C.Palmer,ARI,1755,0.344,0.360,76.4,557,4495,5310,35,2,2,11,0.65,4.3,2015,359,12.5,4.7,14.8,1698
152,C.Palmer,ARI,400,0.085,0.164,56.8,235,1562,1556,11,0,1,3,0.63,2,2014,149,10.5,1.9,10.5,285
153,C.Palmer,ARI,361,0.027,-0.020,54,614,3966,3922,24,3,3,22,0.64,2,2013,391,10.1,1.4,10.0,547
154,C.Palmer,OAK,447,-0.022,0.006,44.3,592,3820,3535,22,2,5,14,0.62,-0.2,2012,365,10.5,0.9,9.7,340
155,C.Palmer,OAK,298,0.025,0.027,53.5,344,2627,2142,13,1,1,16,0.61,-0.4,2011,211,12.5,1.4,10.2,295
156,C.Palmer,CIN,579,0.071,0.034,55.1,613,3761,4273,26,3,2,20,0.62,1.4,2010,381,9.9,1.9,11.2,731
157,C.Ponder,MIN,-169,-0.575,-0.651,8.4,50,188,55,0,0,0,2,0.50,-4.7,2014,25,7.5,-5.8,2.2,-146
158,C.Ponder,MIN,19,-0.135,-0.101,42.2,267,1523,1356,7,1,3,9,0.64,2,2013,170,8.9,-0.2,8.0,-42
159,C.Ponder,MIN,66,-0.061,-0.092,52.6,516,2747,3012,18,1,4,12,0.62,0.4,2012,321,8.6,0.5,9.4,173
160,C.Ponder,MIN,-378,-0.315,-0.301,32.4,321,1698,1052,13,3,2,12,0.55,-0.7,2011,176,9.7,-2.3,6.0,-404
161,C.Redman,ATL,15,-0.061,-0.020,20.4,28,188,149,0,0,0,1,0.64,-1.4,2011,18,10.4,0.5,8.3,9
162,C.Shaw,CLE,-73,-0.442,-0.464,25.1,33,148,73,0,0,1,1,0.50,9,2014,17,9.0,-4.1,4.4,-68
163,C.Wentz,PHI,934,0.238,0.200,75.9,471,3100,3837,33,4,2,7,0.61,3.7,2017,285,10.9,3.7,13.5,1047
164,C.Wentz,PHI,574,0.081,0.091,62,430,2851,3016,21,1,6,7,0.70,0.5,2018,301,9.5,1.8,10.0,545
165,C.Wentz,PHI,685,0.001,0.050,60.8,645,3788,4075,27,6,5,6,0.64,2.7,2019,413,9.2,1.2,9.9,476
166,C.Wentz,PHI,12,-0.120,-0.108,46.7,641,3580,3254,16,5,2,14,0.63,0.2,2016,402,8.9,-0.1,8.1,-36
167,C.Whitehurst,CLE,5,-0.141,-0.082,32.5,26,168,124,1,0,0,1,0.58,2.3,2016,15,11.1,-0.3,8.2,-5
168,C.Whitehurst,IND,-86,-0.584,-0.522,22.5,37,122,38,0,0,0,1,0.50,-1,2015,19,6.6,-5.4,2.1,-99
169,C.Whitehurst,TEN,80,-0.072,-0.046,43.4,200,1208,1050,7,2,0,2,0.58,0.2,2014,116,10.4,0.4,9.1,49
170,C.Whitehurst,SEA,-138,-0.492,-0.440,19.7,64,254,120,1,1,1,1,0.48,3.4,2011,31,8.2,-5.2,3.9,-160
171,C.Whitehurst,SEA,-167,-0.332,-0.373,21.5,106,501,323,2,1,0,3,0.58,0,2010,61,8.1,-2.3,5.3,-141
172,D.Anderson,BUF,-180,-0.569,-0.507,26.6,75,438,83,0,0,2,4,0.60,1.3,2018,45,9.7,-4.6,1.8,-208
173,D.Anderson,CAR,-41,-0.179,-0.214,14.4,53,453,286,2,0,0,5,0.68,3.8,2016,36,12.6,-0.8,7.9,-27
174,D.Anderson,CAR,282,0.278,0.321,71.4,102,664,870,5,2,0,0,0.68,2,2014,70,9.5,3.6,12.5,254
175,D.Anderson,ARI,-245,-0.254,-0.225,32.7,352,1890,1322,7,2,2,10,0.52,1.2,2010,182,10.4,-1.7,7.3,-308
176,D.Blough,DET,-206,-0.195,-0.283,32.1,188,880,829,4,0,0,5,0.54,1.7,2019,102,8.7,-1.0,8.2,-101
177,D.Brees,NO,1402,0.274,0.277,59,555,4171,4794,23,3,0,8,0.73,-0.2,2017,403,10.4,3.4,11.9,1390
178,D.Brees,NO,1679,0.367,0.381,79.2,506,3854,4963,32,1,1,5,0.75,0.1,2018,377,10.2,4.3,13.1,1631
179,D.Brees,NO,1338,0.398,0.407,71.7,385,2882,3873,27,0,0,4,0.76,0.8,2019,291,9.9,4.5,13.3,1316
180,D.Brees,NO,1473,0.233,0.206,66.8,694,4987,5909,37,0,4,14,0.71,1.5,2016,493,10.1,3.2,12.0,1599
181,D.Brees,NO,1184,0.158,0.175,66.8,657,4625,4838,32,2,2,11,0.69,1.1,2015,451,10.3,2.5,10.7,1111
182,D.Brees,NO,1224,0.157,0.157,73.2,684,4750,5342,33,4,3,17,0.70,3.1,2014,477,9.9,2.6,11.2,1225
183,D.Brees,NO,1550,0.269,0.236,69.1,687,4906,5916,39,3,2,12,0.69,1.5,2013,473,10.4,3.6,12.5,1701
184,D.Brees,NO,1397,0.198,0.189,66.8,693,4914,5711,43,3,1,18,0.64,3.7,2012,441,11.1,3.3,12.9,1441
185,D.Brees,NO,2363,0.383,0.406,82.3,678,5303,6761,46,0,1,14,0.72,0.5,2011,486,10.9,4.6,13.9,2259
186,D.Brees,NO,1037,0.134,0.128,70.8,681,4421,5073,33,4,2,21,0.69,1.4,2010,466,9.5,2.3,10.9,1061
187,D.Carr,OAK,721,0.097,0.100,46.7,534,3399,3692,22,2,2,11,0.63,1.4,2017,335,10.1,2.1,11.0,709
188,D.Carr,OAK,281,-0.010,-0.039,46.5,598,3734,3640,19,5,7,10,0.70,0.3,2018,417,8.9,0.9,8.7,392
189,D.Carr,OAK,1047,0.187,0.182,62.2,540,3858,4324,21,2,0,8,0.71,1.3,2019,383,10.1,2.8,11.3,1064
190,D.Carr,OAK,1038,0.198,0.164,56.1,575,3833,4619,28,0,3,6,0.64,1,2016,369,10.4,3.2,12.5,1164
191,D.Carr,OAK,428,0.041,0.000,43.1,603,3763,3871,32,3,1,13,0.61,0.7,2015,370,10.2,1.6,10.5,582
192,D.Carr,OAK,-355,-0.149,-0.201,42.1,622,3071,2969,21,5,4,12,0.59,1.2,2014,366,8.4,-0.4,8.1,-150
193,D.Carr,SF,-35,-0.601,-0.663,4.6,13,62,9,0,0,0,1,0.42,2.5,2010,5,11.4,-5.7,1.7,-31
194,D.Dixon,PIT,-85,-0.456,-0.471,21.4,38,216,79,0,1,1,1,0.69,0.8,2010,26,8.3,-3.1,3.0,-81
195,D.Fales,MIA,30,0.037,-0.012,14.6,44,244,307,1,0,0,1,0.69,4.2,2017,30,8.0,1.5,10.1,45
196,D.Garrard,JAC,264,-0.018,-0.002,63.1,398,2466,2269,23,4,2,15,0.65,1.1,2010,258,9.6,0.9,8.8,226
197,D.Haskins,WAS,-412,-0.420,-0.398,26.4,232,1148,556,7,2,2,7,0.59,0.2,2019,137,8.4,-3.2,4.1,-443
198,D.Hodges,PIT,-136,-0.221,-0.234,30.1,175,944,729,5,2,1,8,0.63,-1.4,2019,111,8.5,-1.1,6.6,-122
199,D.Jones,NYG,-244,-0.192,-0.188,53.6,498,2733,2212,24,4,8,12,0.62,0.7,2019,308,8.9,-0.8,7.2,-256
200,D.Kizer,CLE,-889,-0.345,-0.386,29.4,514,2679,1580,11,1,5,20,0.54,1.2,2017,277,9.7,-2.7,5.7,-756
201,D.Kizer,GB,-234,-1.027,-0.928,25.5,45,152,-126,0,0,1,2,0.49,4.1,2018,22,6.9,-11.9,-5.7,-262
202,D.Lock,DEN,192,0.022,0.074,48.2,162,994,1025,7,1,1,3,0.64,1.3,2019,104,9.6,1.3,9.9,138
203,D.McNabb,MIN,35,-0.047,-0.080,54.6,172,916,992,4,1,0,2,0.60,0.4,2011,104,8.8,0.7,9.6,71
204,D.McNabb,WAS,58,-0.069,-0.093,47.8,509,3078,2687,14,8,0,13,0.59,1.5,2010,298,10.3,0.4,9.0,131
205,D.Orlovsky,DET,-1,0.004,-0.114,61.6,40,201,260,1,0,0,1,0.55,4,2015,22,9.1,1.4,11.8,31
206,D.Orlovsky,IND,36,-0.022,-0.085,47.3,204,1118,1259,6,4,3,4,0.64,2.3,2011,131,8.5,0.9,9.6,121
207,D.Prescott,DAL,322,-0.002,-0.017,66.7,520,3139,3257,22,1,3,13,0.63,0.5,2017,328,9.6,1.1,9.9,375
208,D.Prescott,DAL,253,-0.081,-0.042,55.2,582,3532,3098,22,1,5,8,0.68,-1,2018,394,9.0,0.3,7.9,112
209,D.Prescott,DAL,1562,0.271,0.276,70.2,619,4734,5334,30,3,2,9,0.65,2.3,2019,404,11.7,3.8,13.2,1541
210,D.Prescott,DAL,1220,0.316,0.289,77.6,483,3527,4229,23,2,4,4,0.68,1.1,2016,329,10.7,4.0,12.9,1302
211,D.Stanton,ARI,-62,-0.183,-0.171,35.9,166,850,736,6,3,0,5,0.50,1.6,2017,83,10.3,-0.9,8.9,-75
212,D.Stanton,ARI,-84,-0.509,-0.393,22,48,184,79,2,0,0,2,0.40,5.4,2016,19,9.5,-6.1,4.1,-119
213,D.Stanton,ARI,-99,-0.574,-0.670,10.4,27,96,31,0,0,0,2,0.44,6.2,2015,12,8.1,-6.9,2.6,-82
214,D.Stanton,ARI,185,0.042,0.007,53.6,252,1644,1576,7,1,0,5,0.55,4.1,2014,139,11.8,1.7,11.3,238
215,D.Stanton,DET,84,0.122,0.000,60.2,123,722,840,4,1,1,3,0.60,0.3,2010,73,9.9,2.4,11.5,174
216,D.Watson,HOU,529,0.231,0.252,81.3,221,1583,1851,19,1,1,6,0.62,2.1,2017,138,11.5,3.6,13.4,497
217,D.Watson,HOU,722,0.095,0.090,61.8,562,3779,3889,26,5,2,9,0.69,-0.3,2018,388,9.7,1.9,10.0,737
218,D.Watson,HOU,645,0.095,0.073,68.7,538,3580,3798,26,3,3,12,0.68,1.2,2019,364,9.8,2.0,10.4,722
219,E.Manning,NYG,-1,-0.082,-0.112,43.8,602,3270,3373,19,5,5,13,0.62,1.9,2017,371,8.8,0.3,9.1,117
220,E.Manning,NYG,339,-0.025,-0.025,49.1,622,3946,3604,21,2,4,11,0.66,-0.5,2018,411,9.6,0.8,8.8,337
221,E.Manning,NYG,25,-0.150,-0.086,34.4,153,983,746,6,2,1,5,0.62,2.3,2019,95,10.3,-0.4,7.8,-38
222,E.Manning,NYG,192,-0.065,-0.064,45.7,620,3882,3558,26,3,4,15,0.63,2.9,2016,392,9.9,0.5,9.1,188
223,E.Manning,NYG,535,-0.019,0.011,57.9,646,4225,4063,35,5,3,14,0.63,1.1,2015,406,10.4,1.0,10.0,404
224,E.Manning,NYG,735,0.046,0.068,61,628,4231,4164,30,3,4,14,0.63,1.1,2014,398,10.6,1.6,10.5,642
225,E.Manning,NYG,-202,-0.202,-0.166,38.6,590,3471,2529,18,3,1,26,0.58,1.5,2013,343,10.1,-1.0,7.4,-335
226,E.Manning,NYG,779,0.090,0.097,65.2,555,3785,4032,26,2,1,15,0.60,3.4,2012,334,11.3,2.3,12.1,753
227,E.Manning,NYG,1136,0.162,0.169,64.2,618,4686,4783,29,3,4,16,0.61,3.3,2011,379,12.3,2.9,12.6,1110
228,E.Manning,NYG,609,0.041,0.059,57.7,555,3884,3625,31,2,3,24,0.63,0.7,2010,352,11.0,1.5,10.3,545
229,EJ Manuel,OAK,17,0.096,-0.047,51.8,47,236,293,1,0,0,1,0.56,2.5,2017,26,9.0,2.1,11.2,56
230,EJ Manuel,BUF,-22,-0.472,-0.251,24.3,29,112,50,0,0,1,0,0.42,4.5,2016,12,9.1,-4.7,4.1,-58
231,EJ Manuel,BUF,-12,-0.160,-0.133,35.7,89,509,395,3,1,1,3,0.63,0.2,2015,56,9.0,-0.5,7.0,-26
232,EJ Manuel,BUF,-36,-0.171,-0.152,26,136,785,643,5,1,0,3,0.59,2.7,2014,80,9.8,-0.7,8.0,-53
233,EJ Manuel,BUF,-87,-0.199,-0.152,38.2,335,1814,1486,11,2,3,9,0.59,1,2013,198,9.1,-1.0,7.5,-190
234,G.McElroy,NYJ,-84,-0.446,-0.454,17.1,42,146,86,1,0,1,1,0.61,-2.8,2012,26,5.7,-3.2,3.3,-82
235,G.Minshew,JAX,259,-0.050,-0.029,42.6,503,3086,2794,21,4,6,6,0.61,2,2019,306,10.1,0.6,9.1,193
236,G.Smith,NYG,-44,-0.414,-0.272,34.5,39,195,108,1,0,2,0,0.58,-1,2017,23,8.6,-3.7,4.7,-83
237,G.Smith,NYJ,-83,-0.708,-0.842,26.2,17,105,-1,1,1,0,1,0.57,1.5,2016,10,10.8,-7.0,-0.1,-68
238,G.Smith,NYJ,83,0.110,0.142,56.9,45,246,357,2,0,0,1,0.64,3.7,2015,29,8.5,2.5,12.3,72
239,G.Smith,NYJ,-21,-0.125,-0.120,45.8,395,2328,1989,13,2,1,13,0.60,3.2,2014,238,9.8,-0.1,8.4,-33
240,G.Smith,NYJ,-434,-0.236,-0.257,41,485,2739,1888,12,1,3,21,0.56,1.7,2013,271,10.1,-1.4,7.0,-371
241,J.Allen,BUF,-476,-0.359,-0.332,49.8,350,1840,1007,10,4,1,11,0.53,3.6,2018,186,9.9,-2.9,5.4,-534
242,J.Allen,BUF,34,-0.118,-0.101,47.3,497,2827,2475,20,3,3,9,0.59,3.4,2019,295,9.6,-0.1,8.4,-21
243,J.Beck,WAS,-132,-0.260,-0.249,38.1,147,764,576,2,2,1,4,0.62,0.1,2011,90,8.5,-1.6,6.4,-143
244,J.Brissett,IND,-178,-0.144,-0.166,39.6,518,2774,2464,13,3,2,7,0.60,0.3,2017,308,9.0,-0.3,8.0,-105
245,J.Brissett,IND,479,0.026,0.048,50.1,473,2786,2988,18,2,4,6,0.62,-0.3,2019,291,9.6,1.4,10.3,414
246,J.Brissett,NE,-4,-0.100,-0.122,40.2,61,360,325,0,1,0,0,0.62,0.4,2016,38,9.5,0.1,8.6,4
247,J.Campbell,CIN,-76,-0.644,-0.659,7.3,20,69,11,0,0,1,0,0.58,-4.7,2014,12,6.0,-6.4,0.9,-74
248,J.Campbell,CLE,-80,-0.122,-0.148,43.3,332,1912,1715,11,1,2,8,0.57,0.1,2013,190,10.1,-0.1,9.0,-24
249,J.Campbell,CHI,-166,-0.502,-0.611,10.8,57,216,103,2,2,0,2,0.63,0.5,2012,36,6.0,-3.6,2.9,-129
250,J.Campbell,OAK,326,0.198,0.186,56.2,169,1151,1347,6,1,0,3,0.61,-0.4,2011,103,11.2,3.3,13.1,340
251,J.Campbell,OAK,92,-0.101,-0.069,48.8,361,2197,1795,13,7,1,8,0.60,0.3,2010,215,10.2,0.1,8.3,23
252,J.Clausen,2TM,-148,-0.103,-0.302,26.6,132,701,631,2,0,0,4,0.58,-2.3,2015,76,9.2,0.1,8.3,6
253,J.Clausen,CHI,-37,-0.127,-0.229,47.2,51,203,246,2,0,0,1,0.54,0.2,2014,28,7.3,-0.2,8.9,-5
254,J.Clausen,CAR,-765,-0.480,-0.482,13.8,336,1295,607,3,5,1,9,0.53,-1.7,2010,178,7.3,-4.3,3.4,-760
255,J.Cutler,MIA,63,-0.099,-0.089,39.8,451,2533,2343,19,4,0,14,0.62,0.1,2017,280,9.0,0.1,8.4,35
256,J.Cutler,CHI,-218,-0.185,-0.344,28.1,154,955,663,4,2,3,5,0.59,0.7,2016,91,10.5,-0.8,7.3,-69
257,J.Cutler,CHI,556,0.086,0.055,61,512,3499,3587,21,1,5,11,0.65,3.1,2015,330,10.6,2.0,10.9,659
258,J.Cutler,CHI,351,-0.007,-0.020,50.9,602,3554,3622,29,3,6,15,0.66,0.1,2014,397,8.9,1.0,9.1,398
259,J.Cutler,CHI,423,0.055,0.068,70.1,371,2481,2437,19,1,3,11,0.64,1.7,2013,238,10.4,1.6,10.2,392
260,J.Cutler,CHI,-42,-0.138,-0.125,45.3,474,2787,2318,19,4,4,14,0.59,2.1,2012,279,10.0,-0.3,8.3,-81
261,J.Cutler,CHI,207,-0.035,-0.010,60.5,339,2140,1866,13,4,2,7,0.58,1.4,2011,197,10.9,0.8,9.5,157
262,J.Cutler,CHI,54,-0.085,-0.093,51.4,484,2930,2550,23,4,5,16,0.60,1.3,2010,292,10.0,0.3,8.7,80
263,J.Delhomme,HOU,39,0.023,0.093,60.1,30,194,188,1,0,1,0,0.68,-3.2,2011,20,9.5,1.3,9.2,26
264,J.Delhomme,CLE,-310,-0.426,-0.424,27,155,810,374,2,1,1,7,0.64,0.4,2010,98,8.2,-3.2,3.8,-312
265,J.Dobbs,PIT,-74,-1.240,-1.094,51,12,43,-55,0,0,0,1,0.50,-3.3,2018,6,7.2,-14.2,-9.2,-85
266,J.Driskel,CIN,-109,-0.164,-0.205,29.7,193,872,851,6,2,1,2,0.60,-2,2018,115,7.6,-0.5,7.4,-61
267,J.Driskel,DET,-91,-0.242,-0.242,47.9,114,639,438,4,1,0,4,0.60,-1.6,2019,69,9.3,-1.3,6.4,-91
268,J.Flacco,BAL,-102,-0.193,-0.139,43,574,2924,2552,18,4,0,13,0.65,0.5,2017,371,7.9,-0.8,6.9,-301
269,J.Flacco,BAL,329,0.054,0.015,54.8,392,2380,2675,12,1,1,6,0.62,1.7,2018,242,9.8,1.8,11.1,429
270,J.Flacco,DEN,-170,-0.188,-0.202,48.7,287,1635,1308,6,4,3,5,0.66,-0.3,2019,189,8.7,-0.8,6.9,-144
271,J.Flacco,BAL,-44,-0.146,-0.121,52.5,700,4055,3422,20,2,3,14,0.66,0.8,2016,460,8.8,-0.3,7.4,-155
272,J.Flacco,BAL,55,-0.105,-0.091,50.8,428,2637,2213,14,3,2,12,0.65,1.9,2015,279,9.4,0.1,7.9,17
273,J.Flacco,BAL,962,0.155,0.149,68.6,569,3825,4324,27,2,0,12,0.63,2.2,2014,358,10.7,2.8,12.1,987
274,J.Flacco,BAL,-242,-0.181,-0.169,48,661,3579,3005,19,6,2,22,0.59,1.8,2013,391,9.2,-0.8,7.7,-296
275,J.Flacco,BAL,403,-0.013,-0.001,51.4,566,3589,3419,22,2,3,10,0.60,1.6,2012,338,10.6,1.1,10.1,358
276,J.Flacco,BAL,389,0.000,-0.006,63.7,574,3407,3531,20,3,6,12,0.58,2.2,2011,331,10.3,1.2,10.7,413
277,J.Flacco,BAL,686,0.094,0.091,59.1,529,3349,3678,25,5,2,9,0.63,2.1,2010,331,10.1,2.1,11.1,697
278,J.Freeman,IND,-58,-0.480,-0.419,51.8,29,142,58,1,0,0,1,0.54,0.5,2015,16,9.1,-4.5,3.7,-70
279,J.Freeman,2TM,-192,-0.278,-0.312,24.2,156,696,553,2,1,1,4,0.43,-0.5,2013,67,10.4,-2.4,8.3,-159
280,J.Freeman,TB,204,-0.080,-0.057,46.8,583,3897,3178,27,7,2,17,0.55,1.4,2012,321,12.1,0.4,9.9,118
281,J.Freeman,TB,-84,-0.137,-0.134,46.1,575,3422,2882,16,2,3,22,0.64,-1.2,2011,367,9.3,-0.3,7.9,-96
282,J.Freeman,TB,829,0.139,0.143,69.5,503,3256,3737,25,4,1,6,0.62,2.4,2010,310,10.5,2.6,12.1,816
283,J.Garoppolo,SF,556,0.391,0.356,80.5,185,1502,1772,7,1,0,5,0.68,1.7,2017,126,11.9,4.7,14.0,598
284,J.Garoppolo,SF,-20,-0.125,-0.142,27.5,102,620,518,5,2,0,3,0.60,-1.9,2018,61,10.2,-0.1,8.5,-9
285,J.Garoppolo,SF,765,0.108,0.121,58.8,513,3727,3639,27,3,5,13,0.69,-0.1,2019,356,10.5,2.0,10.2,724
286,J.Garoppolo,NE,182,0.444,0.337,87.5,68,489,634,4,1,1,0,0.69,1.8,2016,47,10.5,4.8,13.6,225
287,J.Garoppolo,NE,-28,-0.138,-0.256,19.5,32,146,151,1,0,0,0,0.70,-6.2,2014,23,6.5,-0.2,6.7,-5
288,J.Goff,LAR,1041,0.240,0.213,52,500,3619,4090,28,5,2,7,0.63,0.2,2017,313,11.6,3.6,13.1,1125
289,J.Goff,LAR,1110,0.170,0.169,63.6,593,4450,4703,32,4,5,10,0.65,-0.3,2018,387,11.5,2.9,12.2,1114
290,J.Goff,LAR,493,0.020,0.006,48.5,649,4422,4140,22,5,4,16,0.63,1.8,2019,410,10.8,1.3,10.1,552
291,J.Goff,LAR,-819,-0.748,-0.703,18.3,230,876,-85,5,3,2,7,0.55,-2.5,2016,126,6.9,-7.0,-0.7,-881
292,J.Johnson,WAS,-110,-0.258,-0.297,47.4,100,520,360,3,2,0,3,0.57,1.6,2018,57,9.1,-1.5,6.3,-87
293,J.Johnson,TB,-72,-0.468,-0.392,44.2,39,222,82,1,0,0,2,0.53,3.9,2011,21,10.8,-4.4,4.0,-91
294,J.Johnson,TB,19,0.071,0.084,60.3,18,103,104,0,0,0,0,0.88,-1.8,2010,16,6.5,1.1,6.6,18
295,J.Kitna,DAL,-5,-0.052,-0.193,64.1,10,87,57,1,0,0,2,0.60,5.3,2011,6,14.5,0.7,9.5,4
296,J.Kitna,DAL,226,-0.005,-0.008,52.9,339,2264,2084,16,3,1,12,0.66,0,2010,224,10.1,1.0,9.3,233
297,J.Locker,TEN,-215,-0.278,-0.321,45.3,162,912,594,5,1,1,7,0.59,2.8,2014,96,9.5,-1.8,6.2,-171
298,J.Locker,TEN,130,-0.057,-0.009,55.2,199,1139,1116,8,1,0,4,0.61,2.3,2013,121,9.4,0.6,9.2,69
299,J.Locker,TEN,-198,-0.236,-0.205,40,341,2004,1347,10,0,3,10,0.57,1.4,2012,194,10.3,-1.4,6.9,-265
300,J.Locker,TEN,172,0.220,0.287,64.1,70,505,544,4,0,0,0,0.52,3.3,2011,37,13.8,3.9,14.9,143
301,J.Manziel,CLE,-179,-0.184,-0.234,58.6,241,1350,1048,7,3,3,5,0.58,1.8,2015,141,9.6,-0.7,7.4,-105
302,J.Manziel,CLE,-180,-0.732,-0.886,7.8,38,149,-9,0,0,0,2,0.51,1.1,2014,20,7.6,-7.4,-0.5,-144
303,J.McCown,NYJ,133,-0.089,-0.063,51.9,437,2659,2313,18,5,4,9,0.68,0,2017,299,8.9,0.2,7.7,62
304,J.McCown,NYJ,-223,-0.365,-0.419,33.8,116,504,334,1,0,0,4,0.55,5.3,2018,64,7.9,-2.9,5.2,-184
305,J.McCown,CLE,-276,-0.344,-0.350,30.8,184,966,566,6,3,4,6,0.55,2.8,2016,101,9.6,-2.7,5.6,-269
306,J.McCown,CLE,81,-0.058,-0.072,52.9,315,1963,1804,12,2,4,4,0.64,2.7,2015,201,9.8,0.5,9.0,110
307,J.McCown,TB,-576,-0.419,-0.378,34.6,360,1971,833,11,5,4,14,0.57,2.5,2014,205,9.6,-3.2,4.1,-665
308,J.McCown,CHI,773,0.321,0.396,82.4,236,1786,2124,13,1,1,1,0.67,1.7,2013,157,11.3,4.2,13.5,659
309,J.McCown,CHI,-110,-0.505,-0.406,32.7,62,371,100,2,2,0,4,0.64,0.4,2011,39,9.4,-3.7,2.5,-146
310,J.P.Losman,MIA,-70,-0.959,-1.002,5.3,15,22,-20,0,0,0,0,0.60,-4,2011,9,2.4,-7.3,-2.2,-66
311,J.Rosen,ARI,-1067,-0.537,-0.508,24.1,439,1943,608,11,4,5,14,0.56,-0.7,2018,244,8.0,-4.7,2.5,-1145
312,J.Rosen,MIA,-429,-0.630,-0.656,18.4,125,476,78,1,1,0,5,0.53,7.7,2019,67,7.2,-6.2,1.2,-409
313,J.Skelton,ARI,-427,-0.350,-0.426,18.3,216,1034,652,2,2,2,8,0.55,-1.6,2012,118,8.8,-2.8,5.5,-324
314,J.Skelton,ARI,-349,-0.275,-0.287,37.3,298,1745,1160,11,3,0,14,0.55,1.4,2011,165,10.6,-2.0,7.0,-325
315,J.Skelton,ARI,-281,-0.534,-0.453,23.6,134,564,184,2,2,1,2,0.48,-0.1,2010,64,8.8,-5.4,2.9,-349
316,J.Tuel,BUF,-141,-0.408,-0.454,11.7,62,313,165,1,0,0,3,0.45,5.4,2013,28,11.2,-4.4,5.9,-122
317,J.Webb,MIN,-56,-0.138,-0.239,58.6,66,360,333,3,0,1,2,0.54,1,2011,36,10.1,-0.3,9.3,-12
318,J.Webb,MIN,-127,-0.248,-0.314,47.7,97,435,390,0,1,0,3,0.61,-0.7,2010,59,7.4,-1.5,6.6,-86
319,J.Winston,TB,684,0.143,0.112,48.2,474,3288,3522,19,2,7,11,0.64,3.2,2017,304,10.8,2.6,11.6,779
320,J.Winston,TB,489,0.069,0.076,66.2,405,2824,2723,19,1,2,13,0.65,3.2,2018,262,10.8,1.8,10.4,470
321,J.Winston,TB,211,-0.090,-0.061,53.7,662,4695,3506,32,7,5,29,0.61,2.2,2019,406,11.6,0.2,8.6,92
322,J.Winston,TB,539,0.036,0.031,59.5,603,3824,3820,28,2,5,16,0.61,3.3,2016,368,10.4,1.5,10.4,556
323,J.Winston,TB,495,0.021,0.029,57.2,560,3828,3480,22,2,1,15,0.59,1.2,2015,330,11.6,1.4,10.6,467
324,K.Allen,CAR,170,0.674,0.737,95.2,31,266,376,2,0,0,0,0.65,4.2,2018,20,13.3,7.9,18.8,158
325,K.Allen,CAR,-348,-0.224,-0.211,36.4,536,2916,2295,17,5,7,16,0.62,2.2,2019,333,8.7,-1.2,6.9,-395
326,K.Boller,OAK,-154,-0.954,-0.932,7.5,32,142,-64,0,2,0,3,0.54,0.1,2011,17,8.3,-9.2,-3.7,-158
327,K.Clemens,STL,-133,-0.075,-0.191,43.4,262,1526,1424,8,3,2,7,0.59,2,2013,154,9.9,0.4,9.2,60
328,K.Clemens,STL,-19,-0.119,-0.141,34.6,100,466,524,2,1,0,1,0.53,1.6,2011,53,8.7,-0.1,9.8,-5
329,K.Collins,IND,-76,-0.188,-0.228,16.8,102,423,455,2,1,3,1,0.51,1.8,2011,52,8.2,-1.0,8.8,-50
330,K.Collins,TEN,218,-0.032,0.004,55.4,290,1706,1719,14,1,3,8,0.58,3.2,2010,169,10.1,0.9,10.2,150
331,K.Cousins,WAS,318,-0.006,-0.027,52.3,586,3709,3565,27,6,4,13,0.65,0.7,2017,379,9.8,1.0,9.4,395
332,K.Cousins,MIN,573,0.027,0.022,59.5,646,3988,4281,30,2,6,10,0.71,1,2018,455,8.8,1.3,9.4,595
333,K.Cousins,MIN,873,0.143,0.168,58.4,476,3375,3597,26,6,3,6,0.69,2.3,2019,330,10.2,2.4,10.9,795
334,K.Cousins,WAS,1197,0.209,0.180,66.5,626,4738,5102,25,3,2,12,0.67,2.3,2016,421,11.2,3.1,12.1,1317
335,K.Cousins,WAS,1125,0.169,0.197,67.8,570,3979,4329,29,2,3,11,0.70,0.9,2015,398,10.0,2.6,10.9,1023
336,K.Cousins,WAS,213,0.046,0.039,52.3,212,1625,1431,10,0,2,9,0.62,0.6,2014,132,12.3,1.7,10.9,223
337,K.Cousins,WAS,-300,-0.426,-0.412,36.5,160,820,376,4,1,2,7,0.53,0,2013,85,9.7,-3.7,4.4,-314
338,K.Cousins,WAS,55,0.064,0.050,77.3,51,429,352,4,1,0,3,0.70,-0.6,2012,36,12.0,1.6,9.8,59
339,K.Hogan,CLE,-86,-0.324,-0.264,35.8,82,484,292,4,1,0,5,0.63,6.4,2017,51,9.4,-2.3,5.7,-120
340,K.Hogan,CLE,-133,-0.862,-0.874,64.7,28,94,-38,0,0,0,2,0.54,2.5,2016,15,6.2,-8.7,-2.5,-131
341,K.Kolb,ARI,-88,-0.231,-0.180,41.6,210,1008,827,8,0,2,3,0.60,-1.7,2012,125,8.1,-1.2,6.6,-154
342,K.Kolb,ARI,-123,-0.184,-0.179,33.3,282,1698,1285,9,5,2,8,0.59,-2.9,2011,165,10.3,-0.8,7.8,-131
343,K.Kolb,PHI,21,-0.102,-0.094,44.9,200,1064,1025,7,2,2,3,0.62,1,2010,123,8.6,0.1,8.3,12
344,K.Moore,DAL,16,-0.097,-0.088,23,110,752,567,4,0,1,5,0.59,-0.1,2015,65,11.6,0.2,8.8,10
345,K.Murray,ARI,191,-0.031,-0.061,55.7,588,3410,3464,20,3,1,12,0.65,1.5,2019,382,8.9,0.8,9.1,305
346,K.Orton,BUF,87,-0.068,-0.083,44.5,478,2808,2647,18,0,3,10,0.65,0.6,2014,310,9.1,0.4,8.5,131
347,K.Orton,DAL,71,0.040,0.099,47.2,51,398,343,2,0,0,2,0.65,4.8,2013,33,12.1,1.5,10.4,51
348,K.Orton,DAL,79,1.107,0.901,99.6,10,89,192,1,0,0,0,0.90,4,2012,9,9.9,10.6,21.3,95
349,K.Orton,2TM,170,-0.054,-0.010,53,262,1686,1481,9,0,2,9,0.60,-1.2,2011,158,10.7,0.6,9.4,97
350,K.Orton,DEN,708,0.083,0.096,53.8,531,3423,3648,20,0,1,9,0.59,0.8,2010,315,10.9,2.1,11.6,664
351,L.Falk,NYJ,-362,-0.723,-0.817,8.9,89,320,-14,0,1,1,3,0.64,-0.4,2019,57,5.6,-5.5,-0.2,-314
352,L.Jackson,BAL,69,-0.092,-0.055,42.6,186,1119,1020,6,0,2,3,0.59,0.2,2018,109,10.3,0.2,9.4,24
353,L.Jackson,BAL,1242,0.349,0.342,81.8,422,3021,3922,36,0,0,6,0.66,1.8,2019,280,10.8,4.5,14.0,1261
354,L.Jones,PIT,-12,-0.365,-0.172,43.3,31,220,94,1,0,1,1,0.82,-0.1,2017,25,8.6,-2.0,3.7,-52
355,L.Jones,PIT,46,-0.137,-0.028,40.8,89,524,425,4,0,0,2,0.62,1.9,2016,56,9.4,-0.3,7.7,-14
356,L.Jones,PIT,-12,-0.015,-0.143,50.7,57,496,361,3,0,1,4,0.58,-3.4,2015,33,15.0,1.1,10.9,37
357,L.McCown,NO,154,0.771,0.505,92.4,40,335,498,0,0,0,1,0.82,3.5,2015,33,10.2,6.7,15.2,220
358,L.McCown,JAC,-274,-0.735,-0.793,22.9,61,260,-17,0,1,1,4,0.54,3.1,2011,33,8.0,-7.7,-0.5,-251
359,L.McCown,JAC,28,0.259,0.126,27,19,120,154,0,0,0,0,0.58,2,2010,11,10.9,4.0,14.0,44
360,L.Thomas,ARI,-25,-0.414,-0.518,9.4,11,70,24,1,0,0,0,0.11,5.5,2014,1,57.3,-14.7,19.7,-18
361,M.Barkley,BUF,111,0.560,0.575,85.8,26,224,278,2,0,0,0,0.60,4.4,2018,16,14.4,7.0,17.8,109
362,M.Barkley,BUF,-164,-0.520,-0.661,9.5,53,344,75,0,2,1,3,0.54,1.4,2019,29,12.0,-4.3,2.6,-122
363,M.Barkley,CHI,127,-0.109,-0.022,33.6,222,1568,1150,8,0,2,13,0.60,4.3,2016,133,11.8,0.0,8.7,4
364,M.Barkley,PHI,-96,-0.349,-0.382,18.9,52,274,170,0,0,1,4,0.61,2,2013,32,8.6,-2.6,5.3,-84
365,M.Brunell,NYJ,7,-0.090,-0.036,62.9,14,110,80,2,0,0,1,0.54,-0.2,2010,8,14.6,0.3,10.6,2
366,M.Cassel,TEN,-222,-0.960,-0.845,12,50,125,-106,1,0,2,2,0.60,-0.5,2017,30,4.2,-8.6,-3.6,-257
367,M.Cassel,DET,-107,-0.907,-0.997,9.6,18,46,-33,0,0,0,1,0.41,-0.3,2018,7,6.2,-12.9,-4.4,-96
368,M.Cassel,TEN,-68,-0.231,-0.327,66.6,54,261,204,2,0,0,2,0.61,0.8,2016,33,7.9,-1.1,6.2,-38
369,M.Cassel,DAL,-210,-0.237,-0.265,34.1,216,1190,866,5,2,0,6,0.59,0.2,2015,127,9.4,-1.4,6.8,-172
370,M.Cassel,MIN,-150,-0.404,-0.409,43,79,351,204,4,3,0,4,0.58,-1.9,2014,46,7.7,-3.2,4.5,-147
371,M.Cassel,MIN,-7,-0.059,-0.115,52.3,271,1718,1539,11,2,1,9,0.60,0,2013,163,10.5,0.6,9.4,92
372,M.Cassel,KC,-275,-0.304,-0.262,25.5,291,1668,996,6,2,6,11,0.60,0.3,2012,174,9.6,-2.0,5.7,-353
373,M.Cassel,KC,-169,-0.260,-0.201,48.4,291,1586,1131,10,3,2,8,0.60,0.9,2011,174,9.1,-1.6,6.5,-279
374,M.Cassel,KC,793,0.084,0.151,55.8,471,2905,3225,27,1,1,7,0.59,1.4,2010,279,10.4,2.1,11.5,589
375,M.Flynn,GB,-95,-0.981,-0.903,4.8,18,54,-44,0,0,1,1,0.50,0.7,2014,9,6.0,-11.6,-4.9,-104
376,M.Flynn,2TM,-29,-0.245,-0.131,18.3,225,1253,917,8,0,4,5,0.62,-0.2,2013,140,9.0,-1.4,6.6,-196
377,M.Flynn,GB,169,0.473,0.328,83.5,54,496,617,6,0,1,2,0.67,8.7,2011,36,13.6,6.2,17.0,225
378,M.Flynn,GB,-23,-0.159,-0.158,25,73,392,369,3,0,1,2,0.61,1.4,2010,44,8.9,-0.5,8.3,-24
379,M.Glennon,CHI,-151,-0.371,-0.280,21.9,150,756,403,4,1,3,5,0.66,-1.5,2017,100,7.6,-2.3,4.0,-231
380,M.Glennon,ARI,79,0.454,0.495,75,22,166,194,1,0,0,0,0.71,-8.3,2018,16,10.6,4.6,12.4,73
381,M.Glennon,OAK,-6,-0.202,-0.196,23.7,11,53,48,1,1,0,0,0.60,-2.7,2019,7,8.0,-0.9,7.3,-6
382,M.Glennon,TB,64,0.658,0.646,96.3,11,75,156,1,0,0,0,0.91,-2,2016,10,7.5,6.5,15.6,65
383,M.Glennon,TB,161,-0.031,0.011,49.7,219,1318,1209,10,2,0,6,0.58,0.6,2014,127,10.4,0.8,9.5,107
384,M.Glennon,TB,-73,-0.077,-0.136,55.2,459,2260,2490,19,2,3,9,0.60,-0.7,2013,274,8.2,0.4,9.1,99
385,M.Hall,ARI,-535,-1.056,-1.031,8.8,92,277,-280,1,3,2,6,0.50,1.1,2010,46,6.0,-12.0,-6.1,-550
386,M.Hasselbeck,IND,57,-0.134,-0.080,45.1,273,1588,1424,9,1,2,5,0.61,1.1,2015,167,9.5,-0.2,8.5,-41
387,M.Hasselbeck,IND,96,0.108,0.186,58.8,46,286,357,2,0,1,0,0.68,4.5,2014,31,9.1,2.3,11.4,71
388,M.Hasselbeck,IND,-9,-0.286,-0.221,25,12,130,48,0,0,0,1,0.58,2,2013,7,18.6,-2.1,6.9,-15
389,M.Hasselbeck,TEN,20,-0.115,-0.098,45.5,236,1268,1206,7,2,1,5,0.62,-0.4,2012,147,8.6,0.0,8.2,-6
390,M.Hasselbeck,TEN,371,0.006,0.000,51.4,536,3410,3209,18,3,1,14,0.62,0.5,2011,331,10.3,1.2,9.7,391
391,M.Hasselbeck,SEA,-123,-0.168,-0.152,52.3,472,2798,2208,12,1,5,17,0.60,0.8,2010,285,9.8,-0.6,7.8,-173
392,M.Kafka,PHI,-32,-0.380,-0.397,9.9,17,101,49,0,0,0,2,0.69,-6.3,2011,12,8.6,-2.6,4.2,-30
393,M.Leinart,OAK,-105,-0.512,-0.660,26.9,34,106,50,0,0,0,1,0.49,-2.1,2012,16,6.4,-4.7,3.0,-77
394,M.Leinart,HOU,4,0.049,-0.062,40.5,13,57,90,1,0,0,0,0.77,-7,2011,10,5.7,1.4,9.0,14
395,M.Mariota,TEN,262,-0.033,-0.024,54.9,479,3059,2745,13,0,0,15,0.62,2.3,2017,298,10.3,0.8,9.2,236
396,M.Mariota,TEN,18,-0.085,-0.104,53.2,373,2289,2035,11,4,1,8,0.69,1.6,2018,257,8.9,0.3,7.9,65
397,M.Mariota,TEN,-35,-0.170,-0.145,33.7,183,1031,767,7,2,0,2,0.61,0.2,2019,111,9.3,-0.6,6.9,-62
398,M.Mariota,TEN,728,0.114,0.126,59.1,474,3262,3411,26,1,3,9,0.62,2.4,2016,293,11.1,2.4,11.6,690
399,M.Mariota,TEN,123,-0.132,-0.064,48.4,407,2551,2017,19,3,6,10,0.63,1.3,2015,254,10.0,-0.2,7.9,-53
400,M.McGloin,OAK,-18,-0.040,-0.341,11.6,15,50,73,0,0,0,0,0.53,0.9,2016,8,6.3,0.8,9.1,6
401,M.McGloin,OAK,-46,-0.215,-0.295,40.1,34,123,167,2,0,1,1,0.72,-0.5,2015,24,5.0,-1.1,6.8,-26
402,M.McGloin,OAK,-63,-0.544,-0.582,24.3,20,121,29,1,0,0,2,0.63,1,2014,13,9.6,-4.6,2.3,-58
403,M.McGloin,OAK,62,-0.119,-0.067,46,219,1495,1111,8,3,1,8,0.56,3.7,2013,122,12.2,-0.1,9.1,-11
404,M.Moore,MIA,-30,-0.161,-0.147,37.7,138,766,613,4,0,0,5,0.62,0.1,2017,85,9.0,-0.5,7.2,-41
405,M.Moore,KC,113,0.155,0.064,55.4,98,594,752,4,2,0,0,0.66,-0.7,2019,64,9.2,2.7,11.7,172
406,M.Moore,MIA,285,0.347,0.393,79.1,87,718,807,8,0,0,3,0.65,3.3,2016,56,12.8,4.6,14.3,259
407,M.Moore,MIA,31,0.155,0.097,70.3,21,122,174,1,0,0,0,0.58,14.1,2012,12,10.0,3.3,14.3,40
408,M.Moore,MIA,124,-0.057,-0.061,55.7,388,2266,2182,16,6,6,9,0.61,2.5,2011,235,9.6,0.6,9.3,133
409,M.Moore,CAR,-342,-0.428,-0.445,36.9,155,766,383,5,2,2,9,0.56,1,2010,86,8.9,-3.8,4.4,-324
410,M.Rudolph,PIT,-121,-0.230,-0.175,34.4,298,1632,1222,13,4,0,9,0.62,-0.2,2019,186,8.8,-1.2,6.6,-225
411,M.Ryan,ATL,1076,0.191,0.189,63.7,552,3917,4360,20,1,2,12,0.65,1.2,2017,359,10.9,3.0,12.1,1084
412,M.Ryan,ATL,1352,0.182,0.210,65.7,649,4638,5062,35,4,5,7,0.70,0.8,2018,452,10.3,2.7,11.2,1232
413,M.Ryan,ATL,603,0.070,0.042,57.6,628,3981,4126,26,4,4,14,0.67,2.5,2019,420,9.5,1.7,9.8,712
414,M.Ryan,ATL,1765,0.391,0.359,79.6,573,4690,5581,38,2,2,7,0.70,-0.2,2016,401,11.7,4.7,13.9,1885
415,M.Ryan,ATL,669,-0.019,0.048,64.1,647,4372,3911,21,6,5,15,0.66,0.6,2015,430,10.2,0.9,9.1,389
416,M.Ryan,ATL,1072,0.149,0.142,66.8,654,4491,4907,28,2,2,13,0.67,2.1,2014,436,10.3,2.5,11.3,1101
417,M.Ryan,ATL,825,0.133,0.068,67.5,695,4195,5228,26,0,4,16,0.68,0.8,2013,471,8.9,2.4,11.1,1124
418,M.Ryan,ATL,1315,0.165,0.192,69.5,644,4502,5106,32,1,2,14,0.69,1.8,2012,442,10.2,2.7,11.6,1196
419,M.Ryan,ATL,1204,0.188,0.210,69.3,587,4011,4541,29,2,3,11,0.62,1.1,2011,365,11.0,3.1,12.5,1120
420,M.Ryan,ATL,1080,0.180,0.170,71.2,593,3543,4623,28,1,2,9,0.63,1.5,2010,372,9.5,3.0,12.4,1122
421,M.Sanchez,WAS,-297,-1.546,-1.535,4.5,42,96,-240,0,1,0,3,0.54,-0.7,2018,23,4.2,-13.2,-10.5,-300
422,M.Sanchez,DAL,-139,-0.965,-1.110,4.2,21,68,-50,0,0,0,2,0.56,2,2016,12,5.8,-10.2,-4.3,-119
423,M.Sanchez,PHI,-154,-0.469,-0.353,28.1,100,562,202,4,0,1,4,0.65,-2,2015,65,8.7,-3.5,3.1,-227
424,M.Sanchez,PHI,255,-0.014,0.007,55.3,334,2226,2018,14,2,2,11,0.64,0.8,2014,215,10.4,1.0,9.4,210
425,M.Sanchez,NYJ,-480,-0.294,-0.259,28.2,487,2676,1812,13,2,7,18,0.55,0.9,2012,266,10.1,-2.2,6.8,-593
426,M.Sanchez,NYJ,-13,-0.126,-0.115,42.1,581,3220,2930,26,1,6,17,0.57,1.1,2011,332,9.7,-0.2,8.8,-56
427,M.Sanchez,NYJ,197,-0.043,-0.048,51.3,531,3105,3090,17,6,1,13,0.56,2.4,2010,295,10.5,0.7,10.5,212
428,M.Schaub,ATL,231,0.376,0.407,78.9,67,561,655,3,0,1,1,0.77,-0.7,2019,52,10.9,4.2,12.7,217
429,M.Schaub,BAL,-71,-0.384,-0.244,40.8,83,513,232,3,0,0,4,0.65,-0.1,2015,54,9.5,-2.7,4.3,-146
430,M.Schaub,OAK,-158,-2.207,-2.205,0,13,28,-154,0,1,1,2,0.50,-10,2014,7,4.3,-24.3,-23.7,-158
431,M.Schaub,HOU,-115,-0.162,-0.159,38.3,380,2128,1796,10,1,1,14,0.61,1.2,2013,233,9.1,-0.5,7.7,-123
432,M.Schaub,HOU,882,0.075,0.125,59.4,572,3811,3958,22,4,0,12,0.64,-0.5,2012,368,10.4,1.9,10.8,697
433,M.Schaub,HOU,690,0.244,0.239,73.8,307,2370,2541,15,2,1,6,0.62,2.2,2011,189,12.5,3.7,13.4,701
434,M.Schaub,HOU,926,0.122,0.120,61,606,4122,4480,24,5,3,12,0.64,-0.2,2010,390,10.6,2.4,11.5,930
435,M.Simms,NYJ,-52,-0.246,-0.369,6.5,35,133,139,1,0,0,1,0.52,1.6,2013,18,7.4,-1.5,7.7,-27
436,M.Stafford,DET,913,0.149,0.125,61.7,613,4149,4485,29,5,5,10,0.66,2.1,2017,403,10.3,2.5,11.1,1004
437,M.Stafford,DET,275,-0.008,-0.040,51.3,594,3521,3619,21,2,3,11,0.66,1.3,2018,393,9.0,1.0,9.2,396
438,M.Stafford,DET,842,0.288,0.322,69.6,307,2360,2622,19,1,2,5,0.65,3,2019,199,11.9,3.9,13.2,776
439,M.Stafford,DET,768,0.072,0.073,65.2,628,4094,4379,24,1,2,10,0.66,1.7,2016,413,9.9,1.8,10.6,761
440,M.Stafford,DET,637,0.080,0.041,58.3,637,3979,4467,32,1,2,13,0.68,-0.4,2015,431,9.2,1.9,10.4,804
441,M.Stafford,DET,544,-0.007,0.023,44.7,645,3998,3815,22,3,2,12,0.61,2.3,2014,393,10.2,1.1,9.7,423
442,M.Stafford,DET,838,0.049,0.083,53.5,658,4431,4402,29,3,4,19,0.59,2.1,2013,389,11.4,1.8,11.3,690
443,M.Stafford,DET,891,0.122,0.068,57.7,753,4766,5576,20,1,3,17,0.60,2.4,2012,453,10.5,2.6,12.3,1160
444,M.Stafford,DET,1312,0.150,0.181,60.5,700,4772,5203,41,3,1,16,0.64,1,2011,445,10.7,2.6,11.7,1171
445,M.Stafford,DET,80,0.029,0.012,50.1,100,504,645,6,0,1,1,0.59,-1.4,2010,59,8.5,1.5,10.9,91
446,M.Trubisky,CHI,-176,-0.168,-0.195,29.2,362,1981,1542,7,4,2,7,0.60,-2.4,2017,216,9.2,-0.5,7.1,-119
447,M.Trubisky,CHI,540,0.036,0.065,71,457,3082,3059,24,3,2,12,0.67,2.7,2018,305,10.1,1.5,10.0,448
448,M.Trubisky,CHI,15,-0.110,-0.107,39.5,551,2909,2853,17,1,2,9,0.64,1.5,2019,350,8.3,0.0,8.2,5
449,M.Vick,PIT,-184,-0.574,-0.522,20.7,75,321,79,2,1,0,0,0.62,0.5,2015,46,7.0,-4.5,1.7,-207
450,M.Vick,NYJ,-273,-0.368,-0.418,36.1,138,494,408,3,1,1,2,0.54,0.2,2014,75,6.6,-3.0,5.5,-228
451,M.Vick,PHI,49,-0.069,-0.060,67.6,157,1098,819,5,2,2,3,0.55,-0.3,2013,86,12.7,0.5,9.5,40
452,M.Vick,PHI,-108,-0.144,-0.156,49.4,380,2173,1833,12,5,2,10,0.59,2,2012,223,9.8,-0.4,8.2,-78
453,M.Vick,PHI,573,0.108,0.089,67.8,443,3145,3161,18,3,2,13,0.61,1.9,2011,269,11.7,2.3,11.7,628
454,M.Vick,PHI,644,0.141,0.142,70.4,404,2813,3016,21,5,2,6,0.63,4.8,2010,255,11.0,2.5,11.8,641
455,N.Foles,PHI,-63,-0.285,-0.207,28,107,486,374,5,2,1,2,0.56,0.9,2017,60,8.1,-1.9,6.2,-114
456,N.Foles,PHI,142,-0.054,-0.002,65.4,202,1370,1155,7,0,2,4,0.73,-0.3,2018,148,9.3,0.5,7.8,74
457,N.Foles,JAX,-61,-0.213,-0.191,33.6,125,669,508,3,0,2,2,0.66,1.8,2019,83,8.1,-0.9,6.1,-77
458,N.Foles,KC,26,-0.099,-0.042,29.9,59,376,307,3,0,0,0,0.66,-1,2016,39,9.7,0.1,7.9,5
459,N.Foles,STL,-428,-0.279,-0.314,28.9,350,1944,1219,7,2,2,10,0.57,0.6,2015,199,9.8,-1.8,6.1,-353
460,N.Foles,PHI,280,0.018,0.026,63.6,322,2108,2009,13,1,2,10,0.60,3.7,2014,194,10.8,1.4,10.3,264
461,N.Foles,PHI,1111,0.356,0.402,69.5,347,2690,3117,27,2,2,2,0.64,0,2013,223,12.0,4.5,13.9,1011
462,N.Foles,PHI,-158,-0.204,-0.200,48.2,286,1550,1217,6,5,2,5,0.62,0.5,2012,177,8.8,-0.9,6.9,-166
463,N.Mullens,SF,232,0.042,0.013,51.7,287,2151,1893,13,1,0,10,0.65,0.1,2018,187,11.5,1.5,10.1,286
464,N.Peterman,BUF,-195,-0.738,-0.740,10.8,50,244,-15,2,1,0,5,0.50,1.4,2017,25,9.8,-7.8,-0.6,-194
465,N.Peterman,BUF,-500,-0.851,-1.086,8,88,252,-103,1,0,0,7,0.55,-1.2,2018,48,5.2,-7.9,-2.1,-380
466,N.Sudfeld,PHI,-17,-0.245,-0.215,31.1,26,110,102,0,0,0,0,0.83,-11,2017,21,5.1,-1.0,4.7,-22
467,P.Lynch,DEN,-191,-0.763,-0.666,22.9,54,242,-10,2,1,1,3,0.67,2.9,2017,36,6.7,-6.2,-0.3,-224
468,P.Lynch,DEN,-57,-0.188,-0.208,24.1,91,455,419,2,2,0,1,0.60,3,2016,54,8.4,-0.8,7.7,-46
469,P.Mahomes,KC,57,0.117,0.130,64.8,37,269,264,0,0,0,1,0.63,-0.6,2017,23,11.6,2.3,11.3,54
470,P.Mahomes,KC,1904,0.399,0.367,80.3,607,4910,5970,50,3,2,11,0.66,4.5,2018,403,12.2,5.0,14.8,2031
471,P.Mahomes,KC,1354,0.300,0.310,76.3,501,3901,4382,26,0,2,5,0.66,1.5,2019,331,11.8,4.0,13.3,1320
472,P.Manning,DEN,-317,-0.258,-0.254,44.2,346,2156,1339,9,1,0,17,0.60,1.6,2015,208,10.4,-1.6,6.4,-326
473,P.Manning,DEN,1358,0.239,0.226,72.6,615,4589,5166,39,3,2,15,0.67,2.5,2014,409,11.2,3.5,12.6,1412
474,P.Manning,DEN,2674,0.432,0.475,79,679,5347,7040,55,3,5,10,0.69,2,2013,465,11.5,5.3,15.1,2475
475,P.Manning,DEN,1956,0.328,0.365,78.9,602,4526,5751,37,0,2,11,0.69,2.4,2012,415,10.9,4.3,13.8,1805
476,P.Manning,IND,1598,0.190,0.233,71.6,696,4605,5642,33,2,1,16,0.66,3,2010,461,10.0,3.0,12.2,1400
477,P.Rivers,LAC,1505,0.261,0.286,57.4,594,4342,4975,28,6,1,9,0.63,0.9,2017,376,11.5,3.8,13.2,1412
478,P.Rivers,LAC,1216,0.272,0.243,67.8,540,4104,4554,32,0,1,12,0.68,1.7,2018,369,11.1,3.6,12.3,1316
479,P.Rivers,LAC,721,0.066,0.068,48.6,625,4332,4203,23,5,3,20,0.67,2,2019,417,10.4,1.7,10.1,714
480,P.Rivers,SD,435,0.014,-0.002,58.7,615,4120,3872,33,4,5,21,0.61,1.3,2016,373,11.0,1.3,10.4,498
481,P.Rivers,SD,780,0.078,0.063,57.3,704,4503,4755,29,2,2,13,0.67,0.6,2015,468,9.6,1.8,10.2,847
482,P.Rivers,SD,803,0.126,0.096,65.1,609,4086,4365,31,5,2,16,0.67,1.9,2014,408,10.0,2.2,10.7,918
483,P.Rivers,SD,1884,0.348,0.370,75.1,575,4363,5599,32,1,2,11,0.70,2.9,2013,400,10.9,4.5,14.0,1799
484,P.Rivers,SD,124,-0.073,-0.077,43.5,576,3266,3122,26,7,7,14,0.65,2.7,2012,373,8.8,0.4,8.4,138
485,P.Rivers,SD,1038,0.170,0.150,64.9,610,4414,4723,27,3,5,20,0.63,3,2011,386,11.4,2.9,12.2,1117
486,P.Rivers,SD,1617,0.279,0.333,66.9,582,4456,4901,30,3,4,13,0.66,2.8,2010,386,11.5,3.7,12.7,1419
487,R.Bartel,ARI,-36,-0.321,-0.347,20.3,23,80,79,1,0,0,1,0.46,5.8,2011,10,7.6,-3.1,7.5,-32
488,R.Bartel,ARI,-86,-0.547,-0.477,29.2,30,138,50,0,0,0,1,0.57,10.5,2010,17,8.1,-6.0,2.9,-103
489,R.Finley,CIN,-321,-0.598,-0.649,23.5,98,388,86,2,1,3,2,0.47,1,2019,46,8.4,-6.3,1.9,-290
490,R.Fitzpatrick,TB,315,0.173,0.181,54.4,170,1059,1284,7,0,0,3,0.59,1,2017,101,10.5,3.0,12.7,307
491,R.Fitzpatrick,TB,459,0.168,0.160,61,260,2283,2005,17,2,1,12,0.67,1.9,2018,173,13.2,2.7,11.6,473
492,R.Fitzpatrick,MIA,313,0.013,-0.021,66.5,541,3314,3403,20,4,1,13,0.62,4,2019,337,9.8,1.3,10.1,432
493,R.Fitzpatrick,NYJ,-329,-0.226,-0.230,39.2,423,2601,1807,12,6,1,16,0.57,1.7,2016,240,10.8,-1.3,7.5,-319
494,R.Fitzpatrick,NYJ,670,0.035,0.070,62,583,3779,3714,31,2,2,15,0.60,3.1,2015,347,10.9,1.6,10.7,542
495,R.Fitzpatrick,HOU,485,0.067,0.114,61.8,334,2393,2249,17,3,1,8,0.63,-0.1,2014,211,11.3,1.8,10.6,383
496,R.Fitzpatrick,TEN,112,-0.036,-0.064,58.7,369,2359,2147,14,5,2,12,0.63,1.9,2013,231,10.2,0.8,9.3,179
497,R.Fitzpatrick,BUF,161,-0.076,-0.064,45.2,533,3235,2916,24,2,6,16,0.61,1,2012,324,10.0,0.4,9.0,120
498,R.Fitzpatrick,BUF,194,-0.063,-0.061,50.1,591,3702,3377,24,4,1,23,0.63,0.9,2011,369,10.0,0.5,9.1,185
499,R.Fitzpatrick,BUF,139,-0.036,-0.064,52.3,466,2851,2677,23,3,3,15,0.58,2.7,2010,271,10.5,0.8,9.9,224
500,R.Griffin,BAL,-6,-0.059,-0.136,52.8,43,206,232,1,0,0,2,0.61,1.4,2019,26,7.9,0.5,8.9,14
501,R.Griffin,CLE,-331,-0.360,-0.416,39.1,170,743,507,2,2,1,3,0.59,-2,2016,101,7.4,-2.7,5.0,-270
502,R.Griffin,WAS,-372,-0.342,-0.341,28.7,250,1452,803,4,4,2,6,0.69,-0.1,2014,173,8.4,-2.2,4.6,-374
503,R.Griffin,WAS,98,-0.131,-0.080,50.4,495,2912,2423,16,4,3,12,0.61,0.7,2013,301,9.7,-0.2,8.1,-60
504,R.Griffin,WAS,811,0.166,0.198,68,425,2961,3104,20,2,0,5,0.67,0,2012,283,10.5,2.6,11.0,727
505,R.Grossman,WAS,75,-0.079,-0.086,41.5,481,2920,2576,16,1,5,19,0.59,3.7,2011,281,10.4,0.3,9.2,98
506,R.Grossman,WAS,-96,-0.247,-0.212,33,141,788,594,7,0,4,4,0.57,0.7,2010,80,9.8,-1.6,7.4,-129
507,R.Lindley,IND,34,0.274,0.361,93.4,10,58,96,1,0,0,0,0.60,-5,2015,6,9.7,4.7,16.0,28
508,R.Lindley,ARI,-116,-0.165,-0.303,32.9,99,516,444,2,0,0,4,0.48,0.9,2014,48,10.8,-0.7,9.3,-32
509,R.Lindley,ARI,-601,-0.558,-0.668,10.2,184,646,215,0,1,2,7,0.52,-3.3,2012,96,6.8,-5.0,2.2,-482
510,R.Mallett,BAL,29,0.283,0.162,74.3,16,56,143,2,0,0,0,0.56,-2,2017,9,6.2,4.7,15.9,42
511,R.Mallett,2TM,-113,-0.123,-0.183,55.4,248,1282,1256,5,0,0,6,0.57,-0.1,2015,141,9.1,-0.1,8.9,-19
512,R.Mallett,HOU,37,0.145,-0.033,50.1,74,395,544,2,0,0,2,0.56,2,2014,42,9.5,2.9,13.1,120
513,R.Smith,TEN,-152,-0.988,-0.792,3.6,41,200,-85,0,0,0,4,0.50,-2,2010,21,9.8,-9.6,-4.1,-196
514,R.Tannehill,MIA,-251,-0.208,-0.241,33.2,309,1694,1302,17,1,4,9,0.65,0.9,2018,199,8.5,-0.9,6.5,-186
515,R.Tannehill,TEN,758,0.280,0.272,62.2,315,2529,2645,22,3,3,6,0.71,2.9,2019,224,11.3,3.5,11.8,773
516,R.Tannehill,MIA,92,-0.108,-0.077,48.6,419,2743,2155,19,6,2,12,0.68,1.2,2016,283,9.7,0.0,7.6,10
517,R.Tannehill,MIA,67,-0.106,-0.094,45.6,632,3817,3204,24,5,5,12,0.62,1.6,2015,393,9.7,0.1,8.2,20
518,R.Tannehill,MIA,566,0.041,0.026,60.5,637,3713,4178,27,4,1,12,0.67,1.2,2014,425,8.7,1.5,9.8,630
519,R.Tannehill,MIA,22,-0.098,-0.106,48.4,643,3508,3419,24,3,4,17,0.61,0.4,2013,391,9.0,0.1,8.7,54
520,R.Tannehill,MIA,86,-0.099,-0.085,49.7,517,3069,2694,12,2,3,13,0.59,0.1,2012,302,10.1,0.1,8.9,39
521,R.Wilson,SEA,564,0.029,0.038,58.3,598,3586,3762,34,6,4,11,0.63,1.5,2017,374,9.6,1.4,10.1,530
522,R.Wilson,SEA,637,0.113,0.102,63.3,471,3090,3317,35,4,2,6,0.67,2.8,2018,315,9.8,2.1,10.5,673
523,R.Wilson,SEA,1073,0.243,0.190,69.8,561,3788,4599,31,4,1,5,0.67,3.7,2019,373,10.2,3.4,12.3,1265
524,R.Wilson,SEA,599,0.040,0.048,57.1,592,3941,3804,21,5,1,11,0.65,0.9,2016,387,10.2,1.5,9.8,569
525,R.Wilson,SEA,1159,0.243,0.234,68.6,526,3744,4311,34,1,2,8,0.69,2.2,2015,361,10.4,3.3,11.9,1190
526,R.Wilson,SEA,488,0.055,0.050,69.7,495,3241,3128,20,6,0,7,0.63,0.3,2014,314,10.3,1.6,10.0,503
527,R.Wilson,SEA,699,0.156,0.131,67.2,453,3070,3364,26,5,5,8,0.64,1.8,2013,290,10.6,2.7,11.6,770
528,R.Wilson,SEA,741,0.197,0.150,74.8,432,2935,3467,26,3,3,9,0.65,2,2012,279,10.5,3.1,12.4,872
529,S.Bradford,MIN,131,0.442,0.316,72.4,48,342,476,3,0,0,0,0.74,-1.7,2017,36,9.6,4.7,13.3,169
530,S.Bradford,ARI,-268,-0.508,-0.611,27.9,86,366,143,2,1,2,4,0.63,2.2,2018,54,6.8,-4.0,2.7,-213
531,S.Bradford,MIN,571,0.022,0.038,53.1,589,3576,3753,20,4,5,5,0.72,-1.2,2016,422,8.5,1.2,8.9,510
532,S.Bradford,PHI,221,-0.082,-0.050,39.2,560,3512,3027,19,4,1,14,0.65,-0.5,2015,366,9.6,0.3,8.3,107
533,S.Bradford,STL,387,0.052,0.097,56.9,277,1602,1910,14,1,1,4,0.61,1.9,2013,168,9.5,1.8,11.4,304
534,S.Bradford,STL,245,-0.008,-0.046,52.9,580,3457,3545,21,4,1,12,0.60,1.3,2012,350,9.9,1.1,10.1,388
535,S.Bradford,STL,-374,-0.240,-0.260,31.4,396,1884,1587,6,3,6,6,0.54,0.9,2011,213,8.9,-1.5,7.5,-325
536,S.Bradford,STL,-12,-0.156,-0.113,46.9,622,3262,2997,18,5,2,13,0.60,0.1,2010,376,8.7,-0.5,8.0,-186
537,S.Darnold,NYJ,-139,-0.152,-0.162,45.9,445,2653,2062,17,2,1,15,0.58,1.1,2018,258,10.3,-0.4,8.0,-110
538,S.Darnold,NYJ,-129,-0.204,-0.152,43.6,475,2819,2136,19,5,3,13,0.62,2.5,2019,295,9.5,-1.0,7.2,-290
539,S.Hill,MIN,39,-0.044,0.061,57.8,36,235,200,0,0,0,0,0.54,6.7,2016,20,12.0,0.8,10.2,15
540,S.Hill,STL,-19,-0.131,-0.124,42.3,248,1538,1216,8,5,1,6,0.63,1,2014,157,9.8,-0.2,7.7,-31
541,S.Hill,DET,137,1.364,1.468,49.7,12,172,245,2,0,0,0,0.83,-4,2012,10,17.2,12.8,24.5,128
542,S.Hill,DET,364,0.067,0.025,53.2,431,2572,2858,16,1,0,12,0.62,0.3,2010,269,9.6,1.8,10.6,477
543,S.Mannion,LAR,-97,-0.666,-0.492,14.4,40,162,13,0,0,1,0,0.60,-3.3,2017,24,6.8,-5.9,0.5,-141
544,S.Mannion,MIN,-19,-0.152,-0.257,24.8,21,126,99,0,0,0,1,0.57,-4.8,2019,12,10.5,-0.4,8.3,-5
545,S.McGee,DAL,-8,-0.100,-0.147,47.7,41,157,182,1,0,0,0,0.63,1.2,2011,26,6.1,0.1,7.0,3
546,S.McGee,DAL,-39,-0.196,-0.243,64.5,47,200,207,2,1,0,0,0.52,-3,2010,25,8.1,-1.0,8.4,-25
547,S.Tolzien,IND,-132,-0.916,-1.077,10,22,99,-39,0,0,0,2,0.50,3.8,2017,11,9.0,-10.0,-3.5,-110
548,S.Tolzien,IND,-63,-0.336,-0.355,26.8,40,196,134,1,1,0,2,0.62,-1.6,2016,25,7.9,-2.4,5.4,-59
549,S.Tolzien,GB,19,-0.091,-0.079,25.5,91,691,503,1,0,0,5,0.63,3.3,2013,57,12.1,0.2,8.8,13
550,S.Wallace,GB,-69,-0.542,-0.505,9.2,28,114,38,0,0,0,1,0.67,-3.9,2013,19,6.1,-4.0,2.0,-75
551,S.Wallace,CLE,-89,-0.133,-0.237,59.8,111,537,546,2,0,1,2,0.52,-1.4,2011,58,9.2,-0.3,9.4,-15
552,S.Wallace,CLE,114,0.114,0.058,48.9,107,661,750,4,0,0,2,0.63,4.5,2010,68,9.7,2.2,11.1,152
553,T.Bouman,JAC,26,0.050,-0.004,66.1,35,216,250,2,0,0,2,0.53,1.2,2010,19,11.7,2.1,13.5,39
554,T.Boykin,SEA,14,-0.112,0.005,65.7,19,140,96,1,1,0,1,0.72,-0.9,2016,14,10.2,0.0,7.0,0
555,T.Brady,NE,1621,0.278,0.284,67.4,617,4366,5468,32,3,3,8,0.66,2.9,2017,410,10.7,3.9,13.3,1595
556,T.Brady,NE,1051,0.154,0.158,68.4,589,4197,4546,29,2,2,11,0.66,2.8,2018,389,10.8,2.7,11.7,1034
557,T.Brady,NE,621,0.024,0.042,53.7,639,3830,4015,24,1,1,8,0.61,1,2019,392,9.8,1.4,10.3,550
558,T.Brady,NE,1361,0.334,0.360,79.4,446,3447,4072,28,2,0,2,0.68,2.1,2016,302,11.4,4.3,13.5,1286
559,T.Brady,NE,1269,0.195,0.185,68.4,660,4536,5234,36,3,2,7,0.65,1.1,2015,426,10.6,3.1,12.3,1312
560,T.Brady,NE,1096,0.181,0.161,77.2,602,3950,4839,33,1,3,9,0.64,1.8,2014,388,10.2,3.0,12.5,1176
561,T.Brady,NE,859,0.109,0.082,63.1,665,4065,4913,25,4,2,10,0.61,1.6,2013,406,10.0,2.4,12.1,979
562,T.Brady,NE,1910,0.351,0.323,77.2,662,4623,6312,34,2,0,8,0.64,1.5,2012,420,11.0,4.8,15.0,2035
563,T.Brady,NE,1956,0.353,0.344,73.8,645,5043,6149,40,3,3,12,0.66,1.7,2011,426,11.8,4.7,14.4,1994
564,T.Brady,NE,1762,0.467,0.422,79.1,518,3719,5276,36,2,1,3,0.66,0.5,2010,342,10.9,5.6,15.4,1909
565,T.Bridgewater,NO,-40,-0.397,-0.361,31.3,25,110,67,1,0,0,1,0.61,1,2018,15,7.2,-3.0,4.4,-46
566,T.Bridgewater,NO,335,0.153,0.149,48.9,208,1283,1499,9,1,0,2,0.68,-1.4,2019,142,9.0,2.4,10.6,340
567,T.Bridgewater,MIN,93,-0.051,-0.081,57.7,491,2923,2745,14,3,2,9,0.65,-0.7,2015,321,9.1,0.6,8.6,187
568,T.Bridgewater,MIN,-82,-0.169,-0.141,51.6,436,2656,1997,14,3,0,11,0.65,-0.8,2014,285,9.3,-0.6,7.0,-159
569,T.Collins,CHI,-306,-1.638,-1.726,1.1,29,53,-241,0,0,0,5,0.37,4.9,2010,11,4.9,-26.9,-22.5,-289
570,T.Edwards,2TM,-329,-0.584,-0.576,26.1,112,416,116,2,0,0,5,0.55,-3.9,2010,62,6.8,-5.4,1.9,-335
571,T.Heinicke,CAR,-112,-0.491,-0.415,18.3,58,303,106,1,0,0,3,0.63,4.1,2018,36,8.4,-3.9,2.9,-140
572,T.J.Yates,HOU,-242,-0.450,-0.459,29.6,110,447,241,4,3,1,2,0.49,6.6,2017,53,8.4,-4.4,4.5,-235
573,T.J.Yates,HOU,-18,-0.070,-0.156,50.1,62,337,350,3,0,1,1,0.49,0.7,2015,30,11.1,0.6,11.5,17
574,T.J.Yates,HOU,-112,-0.780,-0.797,25.1,24,106,-17,0,1,0,2,0.68,-1.1,2013,16,6.5,-6.7,-1.0,-109
575,T.J.Yates,HOU,-89,-1.283,-1.333,43.3,11,34,-57,0,0,1,1,0.40,3.5,2012,4,7.7,-19.3,-13.0,-85
576,T.J.Yates,HOU,-15,-0.197,-0.127,43.1,148,868,649,3,1,3,3,0.63,-1.7,2011,94,9.3,-0.9,6.9,-81
577,T.Jackson,SEA,93,0.819,0.935,97.4,13,151,184,1,0,0,0,0.77,3.4,2013,10,15.1,8.3,18.4,83
578,T.Jackson,SEA,61,-0.058,-0.091,46.1,495,2790,2725,14,3,4,9,0.61,2.3,2011,301,9.3,0.5,9.1,165
579,T.Jackson,MIN,-148,-0.372,-0.459,27.9,65,289,192,3,1,0,4,0.59,4.7,2010,38,7.6,-2.9,5.0,-111
580,T.Lewis,BUF,-138,-0.187,-0.235,21,176,990,785,4,4,1,3,0.59,0.1,2013,104,9.5,-0.8,7.5,-84
581,T.Lewis,CLE,46,0.065,0.085,63.5,35,190,246,1,0,0,1,0.69,0.1,2012,24,7.9,1.7,10.2,42
582,T.Palko,KC,-210,-0.280,-0.347,32.4,145,718,515,2,0,1,7,0.61,-0.2,2011,88,8.1,-1.7,5.8,-150
583,T.Pike,CAR,-27,-0.452,-0.427,2,13,37,30,0,0,0,0,0.50,11,2010,7,5.7,-4.5,4.6,-29
584,T.Pryor,CLE,-28,-0.487,-0.514,18.7,10,40,21,0,0,0,0,0.56,0,2016,6,7.2,-4.9,3.8,-27
585,T.Pryor,OAK,-398,-0.316,-0.321,40.5,304,1542,999,8,3,2,11,0.58,0.2,2013,176,8.7,-2.2,5.7,-388
586,T.Pryor,OAK,16,-0.091,-0.029,70.9,31,155,166,2,0,0,1,0.48,9.1,2012,15,10.3,0.3,11.1,4
587,T.Romo,DAL,-65,-0.224,-0.190,50.5,127,847,538,5,0,1,7,0.69,1.5,2015,87,9.7,-1.1,6.2,-93
588,T.Romo,DAL,1266,0.276,0.301,79.2,465,3441,4085,34,3,3,9,0.70,2.8,2014,327,10.5,3.6,12.5,1187
589,T.Romo,DAL,898,0.115,0.131,61.9,572,3556,4120,31,3,1,9,0.64,2.3,2013,367,9.7,2.3,11.2,839
590,T.Romo,DAL,1036,0.148,0.121,64.6,683,4635,5146,28,1,3,19,0.66,3.1,2012,450,10.3,2.6,11.4,1156
591,T.Romo,DAL,1280,0.268,0.250,69,555,3969,4683,31,1,3,10,0.67,2.1,2011,371,10.7,3.6,12.6,1344
592,T.Romo,DAL,359,0.132,0.151,66.4,220,1563,1555,11,0,0,7,0.70,-0.3,2010,154,10.2,2.2,10.1,333
593,T.Savage,HOU,-252,-0.275,-0.276,38.1,243,1255,896,5,1,7,6,0.57,2.2,2017,138,9.1,-1.8,6.5,-249
594,T.Savage,HOU,21,-0.054,-0.072,57.2,78,432,482,0,0,1,0,0.63,0,2016,49,8.8,0.6,9.8,31
595,T.Savage,HOU,-33,-0.242,-0.327,33.7,21,117,95,0,1,0,1,0.53,9.3,2014,11,10.6,-1.8,8.6,-20
596,T.Siemian,DEN,-242,-0.246,-0.211,27.8,382,2063,1524,12,2,2,14,0.59,1.7,2017,225,9.2,-1.5,6.8,-327
597,T.Siemian,DEN,214,-0.071,-0.048,49.7,516,3182,2891,18,1,2,9,0.60,1.5,2016,308,10.3,0.4,9.4,137
598,T.Smith,SF,-104,-0.200,-0.209,43.2,166,1070,728,5,4,0,4,0.51,4.4,2010,85,12.5,-1.1,8.5,-94
599,T.Taylor,BUF,263,-0.070,-0.021,52.7,467,2540,2503,14,1,2,4,0.63,1.2,2017,293,8.7,0.4,8.5,121
600,T.Taylor,CLE,-258,-0.535,-0.526,27,97,382,142,2,1,0,2,0.51,0.5,2018,49,7.8,-5.4,2.9,-264
601,T.Taylor,BUF,347,-0.021,0.003,62.4,477,2831,2806,17,0,1,6,0.62,2.6,2016,295,9.6,0.9,9.5,275
602,T.Taylor,BUF,486,0.098,0.079,66.3,417,2810,2790,20,5,1,6,0.64,4,2015,266,10.6,2.0,10.5,536
603,T.Taylor,BAL,-56,-0.283,-0.397,63.3,32,149,113,0,0,0,1,0.59,-1,2012,19,7.9,-1.8,6.0,-34
604,T.Tebow,NYJ,-13,-0.242,-0.295,27.6,10,32,45,0,0,0,0,0.75,6,2012,8,4.3,-1.2,6.0,-9
605,T.Tebow,DEN,-276,-0.228,-0.256,38.6,301,1507,1237,12,2,4,6,0.47,4,2011,141,10.7,-1.6,8.7,-222
606,T.Tebow,DEN,143,0.136,0.152,56,87,627,619,5,1,0,3,0.51,3.6,2010,45,14.0,3.0,13.9,135
607,T.Thigpen,MIA,10,-0.004,-0.088,29.9,70,385,412,2,0,0,2,0.53,4.6,2010,37,10.3,1.3,11.1,47
608,V.Young,PHI,-56,-0.217,-0.182,40.3,122,832,522,4,2,0,9,0.58,2.8,2011,71,11.8,-1.2,7.4,-83
609,V.Young,TEN,358,0.205,0.209,59.4,170,1174,1378,10,1,3,2,0.60,4.9,2010,101,11.6,3.5,13.6,353
610,W.Grier,CAR,-159,-0.606,-0.548,2.5,58,184,48,0,0,0,3,0.54,-0.5,2019,31,5.9,-5.8,1.5,-180
611,Z.Mettenberger,TEN,-486,-0.464,-0.532,20.3,179,812,376,4,1,2,7,0.62,-1.8,2015,110,7.4,-3.7,3.4,-408
612,Z.Mettenberger,TEN,-235,-0.287,-0.307,33.7,197,1277,669,8,2,2,7,0.60,-1.5,2014,118,10.8,-1.8,5.7,-211