player,team,YAR,DVOA,VOA,carries,yards,Eyds,TDs,fum,year,yds_per_carry,DYAR_per_carry,Eyds_per_carry,DYAR
A.Bradshaw,NYG,95,0.022,0.000,275,1243,1137,8,7,2010,4.5,0.4,4.1,110
A.Dixon,SF,-9,-0.142,-0.114,70,237,230,2,0,2010,3.4,-0.2,3.3,-14
A.Foster,HOU,373,0.180,0.177,325,1617,1832,16,3,2010,5.0,1.1,5.6,372
A.Peterson,MIN,224,0.107,0.102,284,1295,1401,12,2,2010,4.6,0.8,4.9,217
B.Green-Ellis,NE,304,0.267,0.214,229,1008,1451,13,0,2010,4.4,1.5,6.3,335
B.Jackson,GB,-38,-0.103,-0.136,190,703,636,3,1,2010,3.7,0.0,3.3,-8
B.Jacobs,NYG,189,0.188,0.209,148,824,835,9,3,2010,5.6,1.2,5.6,183
B.Scott,CIN,70,0.176,0.179,61,299,342,1,0,2010,4.9,1.1,5.6,69
B.Smith,NYJ,80,0.432,0.478,38,299,241,1,1,2010,7.9,2.0,6.3,76
B.Westbrook,SF,92,0.163,0.227,76,337,371,4,0,2010,4.4,1.0,4.9,79
C.Benson,CIN,-82,-0.125,-0.146,321,1121,1084,7,7,2010,3.5,-0.2,3.4,-67
C.Buckhalter,DEN,-68,-0.337,-0.373,59,147,107,2,1,2010,2.5,-1.1,1.8,-63
C.Ivory,NO,165,0.131,0.180,137,717,753,5,4,2010,5.2,1.0,5.5,139
C.J.Spiller,BUF,-22,-0.113,-0.164,74,288,233,0,2,2010,3.9,-0.1,3.1,-11
C.Johnson,TEN,14,-0.075,-0.075,316,1365,1095,11,2,2010,4.3,0.1,3.5,18
C.Portis,WAS,40,0.067,0.094,54,227,246,2,0,2010,4.2,0.9,4.6,46
C.Taylor,CHI,-113,-0.312,-0.324,112,267,234,3,0,2010,2.4,-1.0,2.1,-115
C.Wells,ARI,-20,-0.138,-0.127,116,397,370,2,1,2010,3.4,-0.2,3.2,-23
C.Williams,TB,-71,-0.224,-0.226,125,437,321,2,1,2010,3.5,-0.5,2.6,-65
D.Brown,IND,14,-0.048,-0.060,129,497,513,2,0,2010,3.9,0.1,4.0,19
D.J.Ware,NYG,14,0.038,0.075,20,73,90,0,0,2010,3.7,0.6,4.5,11
D.Karim,JAC,7,-0.062,-0.031,35,160,119,0,1,2010,4.6,0.1,3.4,4
D.McFadden,OAK,112,0.034,0.046,223,1150,902,7,3,2010,5.2,0.5,4.0,105
D.Nance,GB,-35,-0.287,-0.313,36,95,82,0,0,2010,2.6,-0.8,2.3,-30
D.Rhodes,IND,5,-0.031,-0.052,37,172,150,0,1,2010,4.6,0.4,4.1,13
D.Sproles,SD,-9,-0.201,-0.134,50,270,124,0,1,2010,5.4,-0.4,2.5,-20
D.Ward,HOU,101,0.406,0.341,51,312,391,4,1,2010,6.1,2.1,7.7,107
D.Williams,CAR,-18,-0.172,-0.144,87,369,227,1,1,2010,4.2,-0.2,2.6,-16
D.Woodhead,NE,188,0.404,0.421,97,547,613,5,1,2010,5.6,2.0,6.3,190
E.Buckley,PHI,-17,-0.257,-0.271,21,67,54,0,0,2010,3.2,-0.8,2.6,-16
E.Graham,TB,-9,-0.182,-0.178,20,99,67,1,1,2010,5.0,-0.4,3.4,-7
F.Gore,SF,25,-0.093,-0.055,203,853,705,3,3,2010,4.2,0.0,3.5,-3
F.Jackson,BUF,68,-0.004,-0.012,222,929,915,5,4,2010,4.2,0.4,4.1,78
F.Jones,DAL,112,0.076,0.065,184,790,828,1,1,2010,4.3,0.6,4.5,115
F.Taylor,NE,-14,-0.133,-0.160,43,155,147,0,0,2010,3.6,-0.2,3.4,-8
I.Redman,PIT,21,0.017,-0.010,53,241,283,0,2,2010,4.5,0.5,5.3,25
J.Addai,IND,99,0.088,0.110,116,495,576,4,2,2010,4.3,0.8,5.0,91
J.Battle,KC,8,-0.036,-0.012,20,50,98,1,0,2010,2.5,0.2,4.9,3
J.Best,DET,-77,-0.186,-0.204,171,557,457,4,1,2010,3.3,-0.5,2.7,-77
J.Charles,KC,402,0.329,0.353,231,1466,1403,5,3,2010,6.3,1.7,6.1,382
J.Cribbs,CLE,-17,-0.312,-0.275,20,67,43,0,1,2010,3.4,-1.0,2.2,-20
J.Felton,DET,-13,-0.138,-0.225,22,76,75,0,1,2010,3.5,-0.4,3.4,-8
J.Forsett,SEA,8,-0.072,-0.070,118,523,434,2,0,2010,4.4,0.1,3.7,7
J.Harrison,CLE,-33,-0.219,-0.201,71,330,183,1,2,2010,4.6,-0.5,2.6,-39
J.Hester,SD,-11,-0.182,-0.167,26,60,100,0,0,2010,2.3,-0.5,3.8,-14
J.James,IND,24,0.044,0.030,46,112,224,6,0,2010,2.4,0.6,4.9,27
J.Jones,NO,-26,-0.164,-0.192,60,223,183,0,1,2010,3.7,-0.3,3.1,-17
J.Kuhn,GB,41,0.032,0.009,84,279,462,4,1,2010,3.3,0.7,5.5,55
J.McKnight,NYJ,49,0.115,0.227,39,189,185,0,0,2010,4.8,0.8,4.7,30
J.Ringer,TEN,20,0.017,0.024,51,239,189,2,0,2010,4.7,0.3,3.7,17
J.Snelling,ATL,27,-0.038,-0.012,87,325,345,2,1,2010,3.7,0.3,4.0,26
J.Starks,GB,3,0.062,-0.064,29,101,126,0,0,2010,3.5,0.5,4.3,14
J.Stewart,CAR,-14,-0.122,-0.107,178,769,542,2,4,2010,4.3,-0.1,3.0,-18
K.Darby,STL,6,-0.096,-0.039,34,107,107,2,0,2010,3.1,0.0,3.1,0
K.Moreno,DEN,44,-0.046,-0.029,183,777,709,5,4,2010,4.2,0.2,3.9,34
K.Smith,DET,-25,-0.264,-0.282,35,131,72,0,1,2010,3.7,-0.7,2.1,-23
K.Williams,WAS,36,0.127,0.053,65,261,318,3,0,2010,4.0,0.8,4.9,52
L.Ball,DEN,-22,-0.241,-0.225,41,158,96,0,1,2010,3.9,-0.6,2.3,-25
L.Betts,NO,1,-0.095,-0.079,45,148,172,2,1,2010,3.3,0.0,3.8,-2
L.Blount,TB,101,0.039,0.042,201,1007,837,6,3,2010,5.0,0.5,4.2,109
L.Maroney,DEN,-100,-0.620,-0.710,36,74,-1,0,1,2010,2.1,-2.4,0.0,-87
L.McClain,BAL,23,0.034,0.037,28,85,197,0,0,2010,3.0,0.9,7.0,24
L.McCoy,PHI,205,0.175,0.157,207,1080,1083,7,1,2010,5.2,1.1,5.2,227
L.Polite,MIA,40,0.176,0.182,26,62,194,1,0,2010,2.4,1.5,7.5,39
L.Stephens-Howling,ARI,20,0.089,0.105,24,118,122,1,0,2010,4.9,0.7,5.1,17
L.Tomlinson,NYJ,98,0.031,0.023,220,908,945,6,3,2010,4.1,0.5,4.3,107
L.Washington,SEA,4,0.009,-0.054,27,100,128,1,0,2010,3.7,0.5,4.7,13
M.Barber,DAL,-12,-0.112,-0.109,113,374,444,4,0,2010,3.3,-0.1,3.9,-15
M.Bell,CLE,-81,-0.448,-0.502,47,101,53,0,1,2010,2.1,-1.5,1.1,-71
M.Bush,OAK,108,0.064,0.075,157,631,740,8,0,2010,4.0,0.7,4.7,108
M.Forte,CHI,66,0.000,-0.016,236,1060,952,6,0,2010,4.5,0.4,4.0,88
M.Goodson,CAR,-6,-0.153,-0.101,103,437,289,3,4,2010,4.2,-0.2,2.8,-22
M.Hart,IND,20,-0.021,0.020,43,185,179,1,0,2010,4.3,0.3,4.2,14
M.Jones-Drew,JAC,222,0.093,0.082,300,1324,1517,5,3,2010,4.4,0.7,5.1,223
M.Lynch,BUF,-36,-0.143,-0.127,201,737,659,6,2,2010,3.7,-0.3,3.3,-51
M.Moore,PIT,-36,-0.382,-0.373,33,99,48,0,0,2010,3.0,-1.1,1.5,-36
M.Morris,DET,44,0.049,0.027,90,336,418,5,1,2010,3.7,0.5,4.6,45
M.Reece,OAK,7,-0.080,-0.039,30,124,128,1,1,2010,4.1,-0.1,4.3,-2
M.Tolbert,SD,66,-0.020,-0.003,181,725,769,11,5,2010,4.0,0.3,4.2,46
M.Turner,ATL,128,-0.013,0.002,334,1371,1419,12,2,2010,4.1,0.3,4.2,96
P.Hillis,CLE,152,0.050,0.050,270,1178,1211,11,8,2010,4.4,0.6,4.5,151
P.Thomas,NO,24,0.006,-0.020,82,269,367,2,0,2010,3.3,0.4,4.5,36
R.Brown,MIA,7,-0.046,-0.077,200,735,766,5,3,2010,3.7,0.1,3.8,20
R.Bush,NO,0,-0.108,-0.084,36,150,117,0,0,2010,4.2,-0.1,3.3,-3
R.Jennings,JAC,138,0.295,0.299,84,459,531,4,0,2010,5.5,1.7,6.3,140
R.Mathews,SD,66,0.012,0.021,158,678,626,7,4,2010,4.3,0.4,4.0,61
R.Mendenhall,PIT,79,-0.030,-0.027,324,1279,1281,13,2,2010,3.9,0.2,4.0,71
R.Rice,BAL,124,0.004,0.015,307,1220,1234,5,0,2010,4.0,0.3,4.0,97
R.Torain,WAS,31,-0.059,-0.038,164,742,595,4,2,2010,4.5,0.0,3.6,-6
R.Williams,MIA,29,-0.031,-0.039,159,673,593,2,4,2010,4.2,0.2,3.7,32
S.Greene,NYJ,125,0.073,0.079,185,767,843,2,2,2010,4.1,0.6,4.6,115
S.Jackson,STL,-28,-0.125,-0.107,330,1241,1066,6,1,2010,3.8,-0.1,3.2,-45
S.Morris,NE,6,0.005,-0.030,20,56,102,0,0,2010,2.8,0.4,5.1,7
T.Choice,DAL,18,-0.043,-0.031,66,243,299,3,0,2010,3.7,0.1,4.5,8
T.Gerhart,MIN,15,-0.033,-0.038,81,322,296,1,1,2010,4.0,0.2,3.7,15
T.Hightower,ARI,49,-0.014,-0.003,153,747,582,5,4,2010,4.9,0.3,3.8,49
T.Jones,KC,-85,-0.175,-0.167,246,903,749,6,3,2010,3.7,-0.4,3.0,-90
W.McGahee,BAL,0,-0.066,-0.085,100,382,389,5,2,2010,3.8,0.1,3.9,6
L.McCoy,PHI,262,0.158,0.124,273,1309,1564,17,1,2011,4.8,1.1,5.7,304
M.Lynch,SEA,159,0.089,0.052,285,1204,1317,12,3,2011,4.2,0.7,4.6,201
M.Jones-Drew,JAC,199,0.051,0.053,343,1604,1554,8,3,2011,4.7,0.6,4.5,197
J.Stewart,CAR,178,0.234,0.208,142,762,836,4,1,2011,5.4,1.4,5.9,194
P.Thomas,NO,180,0.300,0.300,110,562,693,5,1,2011,5.1,1.6,6.3,180
R.Mathews,SD,134,0.108,0.066,222,1091,1033,6,5,2011,4.9,0.8,4.7,171
F.Jackson,BUF,165,0.137,0.141,170,936,886,6,2,2011,5.5,0.9,5.2,161
D.Williams,CAR,147,0.180,0.160,155,831,769,7,0,2011,5.4,1.0,5.0,158
A.Peterson,MIN,190,0.104,0.150,208,973,943,12,1,2011,4.7,0.7,4.5,153
B.Tate,HOU,162,0.125,0.141,175,949,862,4,4,2011,5.4,0.9,4.9,151
D.Murray,DAL,162,0.126,0.144,164,896,846,2,1,2011,5.5,0.9,5.2,149
W.McGahee,DEN,117,0.043,0.030,249,1206,1081,4,3,2011,4.8,0.5,4.3,131
R.Rice,BAL,108,0.021,0.003,291,1364,1253,12,2,2011,4.7,0.4,4.3,129
A.Foster,HOU,126,0.023,0.026,277,1237,1167,10,4,2011,4.5,0.4,4.2,122
D.Brown,IND,101,0.139,0.105,134,645,646,5,0,2011,4.8,0.9,4.8,119
S.Greene,NYJ,127,0.022,0.035,252,1053,1087,6,1,2011,4.2,0.4,4.3,113
R.Mendenhall,PIT,88,0.023,0.004,228,928,1015,9,1,2011,4.1,0.5,4.5,106
B.Green-Ellis,NE,115,0.039,0.050,181,667,900,11,0,2011,3.7,0.6,5.0,106
C.Wells,ARI,99,0.010,0.008,245,1048,1066,10,4,2011,4.3,0.4,4.4,101
D.McFadden,OAK,88,0.116,0.118,113,616,513,4,1,2011,5.5,0.8,4.5,87
A.Bradshaw,NYG,83,0.025,0.030,171,659,752,9,0,2011,3.9,0.5,4.4,80
J.Battle,KC,78,0.043,0.046,149,597,632,2,0,2011,4.0,0.5,4.2,76
C.J.Spiller,BUF,62,0.064,0.051,106,538,499,3,2,2011,5.1,0.6,4.7,68
L.Blount,TB,54,0.006,-0.012,184,796,736,5,3,2011,4.3,0.4,4.0,67
M.Turner,ATL,101,-0.034,-0.007,301,1349,1203,11,3,2011,4.5,0.2,4.0,66
M.Bush,OAK,45,-0.027,-0.045,256,980,1059,7,1,2011,3.8,0.3,4.1,65
S.Jackson,STL,67,-0.023,-0.019,259,1146,968,5,1,2011,4.4,0.2,3.7,64
R.Grant,GB,41,0.029,-0.011,134,561,571,2,1,2011,4.2,0.5,4.3,63
M.Ingram,NO,47,0.023,-0.004,122,474,595,5,1,2011,3.9,0.5,4.9,63
T.Gerhart,MIN,42,0.054,0.012,109,531,466,1,1,2011,4.9,0.6,4.3,60
I.Redman,PIT,67,0.031,0.054,109,478,500,3,2,2011,4.4,0.5,4.6,55
R.Bush,MIA,91,-0.021,0.031,216,1089,756,6,4,2011,5.0,0.2,3.5,51
P.Hillis,CLE,48,-0.017,-0.020,161,587,708,3,1,2011,3.6,0.3,4.4,50
B.Jacobs,NYG,29,-0.032,-0.040,152,571,607,7,3,2011,3.8,0.2,4.0,35
M.Tolbert,SD,49,-0.031,0.005,121,492,512,8,1,2011,4.1,0.2,4.2,30
D.McCluster,KC,34,-0.023,-0.005,112,507,406,1,1,2011,4.5,0.2,3.6,27
R.Helu,WAS,14,-0.046,-0.063,152,639,577,2,2,2011,4.2,0.2,3.8,25
M.Forte,CHI,64,-0.056,-0.005,202,994,722,3,1,2011,4.9,0.1,3.6,24
J.Starks,GB,6,-0.045,-0.076,132,572,510,1,2,2011,4.3,0.2,3.9,22
R.Williams,BAL,10,-0.052,-0.063,108,445,408,2,2,2011,4.1,0.1,3.8,15
K.Hunter,SF,31,-0.065,-0.014,112,473,390,2,0,2011,4.2,0.1,3.5,9
M.Barber,CHI,6,-0.079,-0.074,114,422,416,6,1,2011,3.7,0.0,3.6,3
F.Jones,DAL,10,-0.091,-0.068,127,575,462,1,3,2011,4.5,0.0,3.6,-3
B.Scott,CIN,-6,-0.110,-0.100,112,380,362,3,0,2011,3.4,-0.1,3.2,-11
D.Carter,IND,-20,-0.116,-0.133,101,377,348,2,3,2011,3.7,-0.1,3.4,-13
J.Addai,IND,-13,-0.115,-0.114,118,433,362,1,1,2011,3.7,-0.1,3.1,-13
F.Gore,SF,3,-0.100,-0.084,282,1211,975,8,2,2011,4.3,-0.1,3.5,-17
C.Benson,CIN,-21,-0.104,-0.103,273,1065,992,6,5,2011,3.9,-0.1,3.6,-21
C.Johnson,TEN,-51,-0.151,-0.135,262,1047,781,4,3,2011,4.0,-0.3,3.0,-67
T.Jones,KC,-98,-0.261,-0.252,153,478,341,0,0,2011,3.1,-0.7,2.2,-104
D.Thomas,MIA,-100,-0.247,-0.232,165,581,408,0,2,2011,3.5,-0.7,2.5,-110
D.Sproles,NO,194,0.462,0.464,87,603,615,2,0,2011,6.9,2.2,7.1,193
E.Royster,WAS,119,0.457,0.446,56,328,390,0,0,2011,5.9,2.2,7.0,122
D.Woodhead,NE,93,0.226,0.204,77,351,440,1,0,2011,4.6,1.3,5.7,100
C.Ivory,NO,74,0.104,0.131,79,374,396,1,0,2011,4.7,0.8,5.0,64
C.Williams,STL,49,0.062,0.053,87,361,391,1,0,2011,4.1,0.6,4.5,52
K.Smith,DET,72,0.051,0.146,72,356,336,4,0,2011,4.9,0.6,4.7,42
L.Ball,DEN,43,0.028,0.030,96,408,389,1,1,2011,4.3,0.4,4.1,42
J.Best,DET,24,0.030,-0.013,84,390,342,2,0,2011,4.6,0.5,4.1,38
M.Morris,DET,28,0.021,0.004,80,322,325,1,1,2011,4.0,0.4,4.1,34
E.Graham,TB,29,0.139,0.112,37,206,180,0,1,2011,5.6,0.9,4.9,33
S.Ridley,NE,44,-0.001,0.034,87,441,366,1,1,2011,5.1,0.4,4.2,31
M.Moore,PIT,29,0.285,0.285,22,157,113,0,1,2011,7.1,1.3,5.1,29
B.Smith,BUF,24,0.177,0.153,20,87,128,1,0,2011,4.4,1.3,6.4,26
D.Lewis,PHI,23,0.183,0.161,23,102,119,1,0,2011,4.4,1.1,5.2,25
C.Ogbonnaya,CLE,9,-0.049,-0.056,76,347,279,1,2,2011,4.6,0.1,3.7,11
L.Tomlinson,NYJ,12,-0.052,-0.046,75,280,281,1,0,2011,3.7,0.1,3.7,10
A.Smith,ARI,4,-0.033,-0.059,30,102,139,1,0,2011,3.4,0.3,4.6,8
D.Ward,HOU,15,-0.059,-0.007,45,154,174,2,0,2011,3.4,0.1,3.9,5
J.Kuhn,GB,13,-0.057,-0.007,30,78,145,4,0,2011,2.6,0.2,4.8,5
D.J.Ware,NYG,0,-0.071,-0.083,46,163,158,0,0,2011,3.5,0.1,3.4,3
K.Lumpkin,TB,-2,-0.066,-0.101,31,105,109,0,0,2011,3.4,0.1,3.5,2
C.Taylor,ARI,0,-0.070,-0.086,20,77,83,1,0,2011,3.9,0.1,4.2,2
L.Washington,SEA,0,-0.091,-0.086,53,248,164,1,0,2011,4.7,0.0,3.1,-1
J.Rodgers,ATL,-3,-0.098,-0.100,56,195,196,1,1,2011,3.5,-0.1,3.5,-3
S.Morris,DAL,-3,-0.125,-0.109,28,98,107,0,0,2011,3.5,-0.2,3.8,-5
T.Hightower,WAS,9,-0.104,-0.059,84,321,275,1,0,2011,3.8,-0.1,3.3,-6
S.Slaton,HOU,-16,-0.146,-0.235,24,84,80,1,0,2011,3.5,-0.3,3.3,-6
J.Hester,SD,-8,-0.140,-0.141,28,90,110,0,0,2011,3.2,-0.3,3.9,-8
K.Moreno,DEN,-5,-0.160,-0.126,37,179,91,0,1,2011,4.8,-0.2,2.5,-9
A.Dixon,SF,-1,-0.156,-0.092,29,87,101,2,0,2011,3.0,-0.3,3.5,-9
J.McKnight,NYJ,-8,-0.149,-0.134,43,134,132,0,0,2011,3.1,-0.3,3.1,-11
R.Brown,PHI,-26,-0.149,-0.223,42,136,141,1,1,2011,3.2,-0.3,3.4,-12
C.Brinkley,SD,-7,-0.187,-0.142,30,101,84,1,0,2011,3.4,-0.4,2.8,-12
P.Tanner,DAL,-2,-0.202,-0.105,22,76,71,1,0,2011,3.5,-0.5,3.2,-12
L.Stephens-Howling,ARI,-17,-0.167,-0.183,43,167,128,0,0,2011,3.9,-0.3,3.0,-14
J.Norwood,STL,-21,-0.278,-0.360,24,61,43,0,0,2011,2.5,-0.6,1.8,-15
K.Bell,CHI,-21,-0.151,-0.152,79,337,237,0,2,2011,4.3,-0.3,3.0,-20
J.Snelling,ATL,-22,-0.229,-0.210,44,151,111,0,0,2011,3.4,-0.6,2.5,-25
J.Forsett,SEA,-27,-0.247,-0.248,46,145,100,1,0,2011,3.2,-0.6,2.2,-27
K.Williams,DET,-68,-0.292,-0.347,58,194,136,2,2,2011,3.3,-0.9,2.3,-53
J.Ringer,TEN,-46,-0.334,-0.296,59,185,99,1,0,2011,3.1,-0.9,1.7,-54
R.Torain,WAS,-53,-0.341,-0.311,59,198,105,1,1,2011,3.4,-1.0,1.8,-60
M.Hardesty,CLE,-77,-0.322,-0.316,88,267,160,0,1,2011,3.0,-0.9,1.8,-79
D.Karim,JAC,-90,-0.410,-0.434,63,130,86,0,0,2011,2.1,-1.3,1.4,-84
T.Choice,BUF,-96,-0.424,-0.470,56,156,78,1,3,2011,2.8,-1.5,1.4,-85
A.Peterson,MIN,357,0.249,0.175,348,2097,1923,12,3,2012,6.0,1.3,5.5,458
M.Lynch,SEA,267,0.192,0.120,315,1592,1702,11,4,2012,5.1,1.1,5.4,361
C.J.Spiller,BUF,291,0.276,0.263,207,1249,1205,6,2,2012,6.0,1.5,5.8,301
F.Gore,SF,212,0.174,0.120,258,1213,1323,8,3,2012,4.7,1.0,5.1,268
A.Morris,WAS,273,0.103,0.117,335,1614,1571,13,4,2012,4.8,0.8,4.7,254
A.Bradshaw,NYG,194,0.158,0.120,221,1015,1182,6,3,2012,4.6,1.0,5.3,230
R.Rice,BAL,193,0.115,0.103,257,1143,1211,9,1,2012,4.4,0.8,4.7,205
S.Ridley,NE,191,0.061,0.060,290,1266,1436,12,4,2012,4.4,0.7,5.0,192
D.Martin,TB,204,0.039,0.078,319,1454,1326,11,1,2012,4.6,0.5,4.2,155
S.Jackson,STL,59,0.053,-0.030,257,1042,1148,4,0,2012,4.1,0.6,4.5,147
M.Forte,CHI,81,0.031,0.000,248,1095,982,6,2,2012,4.4,0.4,4.0,109
J.Charles,KC,158,0.014,0.059,284,1518,1121,5,5,2012,5.3,0.4,3.9,109
A.Foster,HOU,139,-0.016,0.007,351,1422,1461,15,3,2012,4.1,0.3,4.2,105
P.Thomas,NO,80,0.151,0.109,105,473,512,1,0,2012,4.5,0.9,4.9,97
D.Murray,DAL,65,0.017,0.006,162,662,720,4,3,2012,4.1,0.4,4.4,72
M.Bush,CHI,48,0.045,0.007,114,411,553,5,1,2012,3.6,0.6,4.9,67
B.Powell,NYJ,71,0.056,0.072,110,437,487,4,0,2012,4.0,0.6,4.4,63
M.LeShoure,DET,60,-0.016,-0.020,215,798,880,9,3,2012,3.7,0.3,4.1,63
M.Ingram,NO,56,0.008,0.000,156,602,668,5,0,2012,3.9,0.4,4.3,62
K.Moreno,DEN,67,0.011,0.031,138,525,584,4,1,2012,3.8,0.4,4.2,56
B.Pierce,BAL,52,0.041,0.037,108,532,454,1,0,2012,4.9,0.5,4.2,54
S.Greene,NYJ,84,-0.045,-0.015,275,1044,1104,9,4,2012,3.8,0.2,4.0,49
W.McGahee,DEN,79,-0.021,0.019,167,727,725,4,5,2012,4.4,0.3,4.3,49
B.Brown,PHI,29,-0.022,-0.022,115,564,446,4,4,2012,4.9,0.3,3.9,29
D.Williams,CAR,19,-0.067,-0.059,174,741,630,5,2,2012,4.3,0.1,3.6,14
F.Jones,DAL,28,-0.061,-0.027,111,408,424,3,1,2012,3.7,0.1,3.8,11
V.Ballard,IND,-10,-0.074,-0.098,211,814,767,2,3,2012,3.9,0.0,3.6,10
R.Mathews,SD,25,-0.077,-0.052,184,707,645,1,2,2012,3.8,0.0,3.5,6
B.Green-Ellis,CIN,22,-0.081,-0.068,278,1094,1066,6,3,2012,3.9,0.0,3.8,6
R.Bush,MIA,18,-0.083,-0.067,227,988,817,6,4,2012,4.4,0.0,3.6,3
D.Brown,IND,-5,-0.098,-0.098,108,417,382,1,0,2012,3.9,0.0,3.5,-5
F.Jackson,BUF,-38,-0.143,-0.165,115,438,365,3,4,2012,3.8,-0.2,3.2,-27
C.Johnson,TEN,-6,-0.113,-0.091,275,1246,895,6,3,2012,4.5,-0.1,3.3,-30
I.Redman,PIT,-15,-0.150,-0.118,110,410,361,2,2,2012,3.7,-0.3,3.3,-31
L.McCoy,PHI,7,-0.126,-0.078,199,834,672,2,4,2012,4.2,-0.2,3.4,-34
A.Green,GB,-54,-0.168,-0.186,133,451,393,0,0,2012,3.4,-0.3,3.0,-44
T.Richardson,CLE,-21,-0.133,-0.105,267,954,842,11,3,2012,3.6,-0.2,3.2,-51
J.Dwyer,PIT,-40,-0.180,-0.148,156,623,451,2,2,2012,4.0,-0.4,2.9,-60
L.Stephens-Howling,ARI,-72,-0.229,-0.252,110,356,274,4,0,2012,3.2,-0.6,2.5,-63
M.Turner,ATL,-87,-0.166,-0.174,222,801,721,11,3,2012,3.6,-0.4,3.2,-79
R.Jennings,JAC,-81,-0.318,-0.281,101,285,202,2,3,2012,2.8,-1.0,2.0,-97
D.McFadden,OAK,-132,-0.267,-0.242,214,716,480,2,1,2012,3.3,-0.7,2.2,-153
A.Brown,NYG,173,0.456,0.421,73,385,593,8,0,2012,5.3,2.5,8.1,185
K.Hunter,SF,108,0.291,0.289,72,371,425,2,0,2012,5.2,1.5,5.9,109
M.Tolbert,CAR,106,0.258,0.268,54,183,423,7,0,2012,3.4,1.9,7.8,103
D.Woodhead,NE,75,0.224,0.146,76,301,442,4,0,2012,4.0,1.3,5.8,101
J.Bell,DET,65,0.126,0.108,82,414,405,3,1,2012,5.0,0.9,4.9,71
C.Peerman,CIN,71,0.266,0.357,36,258,229,1,0,2012,7.2,1.6,6.4,56
D.Carter,IND,50,0.247,0.214,32,122,232,3,0,2012,3.8,1.7,7.3,55
J.Forsett,HOU,69,0.132,0.198,63,374,294,1,0,2012,5.9,0.8,4.7,53
B.Bolden,NE,54,0.128,0.135,56,274,296,2,0,2012,4.9,0.9,5.3,53
D.Harris,GB,41,0.311,0.235,34,157,191,2,0,2012,4.6,1.5,5.6,50
S.Vereen,NE,52,0.096,0.117,62,251,295,3,0,2012,4.0,0.8,4.8,47
M.Owens,JAC,39,0.145,0.132,42,209,222,1,0,2012,5.0,1.0,5.3,41
D.Richardson,STL,7,0.017,-0.068,98,475,398,0,2,2012,4.8,0.4,4.1,40
M.Goodson,OAK,42,0.248,0.294,33,219,156,0,0,2012,6.6,1.1,4.7,37
L.Miller,MIA,48,0.075,0.134,51,250,247,1,0,2012,4.9,0.7,4.8,35
D.Sproles,NO,25,0.109,0.054,48,244,208,1,0,2012,5.1,0.7,4.3,34
S.Draughn,KC,46,0.058,0.110,59,240,256,2,1,2012,4.1,0.6,4.3,34
C.Ivory,NO,34,0.125,0.136,40,217,186,2,0,2012,5.4,0.8,4.7,33
E.Royster,WAS,33,0.236,0.245,23,88,136,2,0,2012,3.8,1.4,5.9,32
R.Brown,SD,47,0.102,0.200,45,222,193,0,0,2012,4.9,0.7,4.3,31
D.Wilson,NYG,29,0.015,0.012,71,359,303,4,1,2012,5.1,0.4,4.3,30
M.Jones-Drew,JAC,42,-0.009,0.034,86,414,347,1,1,2012,4.8,0.3,4.0,27
C.Rainey,PIT,28,0.160,0.174,26,102,135,2,0,2012,3.9,1.0,5.2,26
T.Choice,BUF,21,0.032,0.021,47,193,207,1,0,2012,4.1,0.5,4.4,23
A.Dixon,SF,24,0.159,0.171,21,78,116,2,0,2012,3.7,1.1,5.5,23
W.Powell,ARI,6,0.001,-0.059,60,217,238,0,0,2012,3.6,0.4,4.0,21
B.Tate,HOU,33,-0.022,0.031,65,279,274,2,1,2012,4.3,0.3,4.2,18
R.Grant,2TM,19,0.035,0.055,32,132,142,2,1,2012,4.1,0.5,4.4,16
R.Murphy,JAC,5,0.057,-0.031,23,92,109,0,0,2012,4.0,0.6,4.7,14
J.Starks,GB,-3,-0.043,-0.097,71,255,279,1,1,2012,3.6,0.2,3.9,13
J.McKnight,NYJ,10,0.017,0.001,30,182,118,0,1,2012,6.1,0.4,3.9,12
R.Turbin,SEA,8,-0.052,-0.062,80,354,291,0,0,2012,4.4,0.1,3.6,11
L.James,SF,-7,-0.002,-0.150,27,125,102,0,1,2012,4.6,0.3,3.8,9
A.Allen,CHI,6,-0.023,-0.034,27,124,110,1,0,2012,4.6,0.3,4.1,7
C.Benson,GB,6,-0.061,-0.063,71,248,249,1,1,2012,3.5,0.1,3.5,7
K.Smith,DET,-1,-0.044,-0.092,37,134,136,1,0,2012,3.6,0.2,3.7,6
M.Reece,OAK,21,-0.069,-0.004,59,264,232,0,1,2012,4.5,0.1,3.9,4
J.Kuhn,GB,-3,-0.079,-0.114,23,63,85,1,0,2012,2.7,0.0,3.7,1
J.Stewart,OAK,4,-0.083,-0.043,25,101,80,0,0,2012,4.0,0.0,3.2,0
L.Washington,SEA,-1,-0.099,-0.095,23,83,65,1,0,2012,3.6,0.0,2.8,-1
L.Ball,DEN,-6,-0.092,-0.121,41,160,145,1,0,2012,3.9,0.0,3.5,-1
L.Blount,TB,2,-0.095,-0.073,41,151,149,2,0,2012,3.7,0.0,3.6,-2
B.Leonard,CIN,-2,-0.111,-0.102,33,106,116,0,0,2012,3.2,-0.1,3.5,-4
L.Dunbar,DAL,-2,-0.139,-0.105,21,75,69,0,0,2012,3.6,-0.2,3.3,-5
J.Parmele,JAC,-22,-0.128,-0.220,40,143,132,0,0,2012,3.6,-0.2,3.3,-7
D.Thomas,MIA,3,-0.108,-0.079,91,326,323,4,3,2012,3.6,-0.1,3.5,-9
J.Rodgers,ATL,-12,-0.109,-0.118,94,368,316,1,0,2012,3.9,-0.1,3.4,-9
B.Batch,PIT,-16,-0.287,-0.238,25,49,57,1,0,2012,2.0,-0.8,2.3,-21
R.Hillman,DEN,-15,-0.157,-0.131,85,330,254,1,2,2012,3.9,-0.3,3.0,-24
T.Gerhart,MIN,-44,-0.260,-0.308,50,169,114,1,2,2012,3.4,-0.7,2.3,-34
J.Stewart,CAR,-55,-0.184,-0.237,93,340,256,1,1,2012,3.7,-0.4,2.8,-36
M.Hardesty,CLE,-21,-0.235,-0.166,65,271,163,1,2,2012,4.2,-0.6,2.5,-39
K.Bell,CHI,-44,-0.427,-0.445,29,76,38,0,0,2012,2.6,-1.4,1.3,-42
C.Brinkley,SD,-38,-0.367,-0.307,39,115,68,0,1,2012,2.9,-1.2,1.7,-48
C.Wells,ARI,-68,-0.216,-0.269,88,234,241,5,1,2012,2.7,-0.5,2.7,-48
P.Tanner,DAL,-44,-0.582,-0.495,24,57,6,0,0,2012,2.4,-2.2,0.3,-53
R.Mendenhall,PIT,-55,-0.385,-0.352,51,182,77,0,3,2012,3.6,-1.2,1.5,-62
J.Battle,SD,-48,-0.238,-0.195,95,311,268,3,0,2012,3.3,-0.7,2.8,-67
P.Hillis,KC,-42,-0.275,-0.197,85,310,208,1,2,2012,3.6,-0.8,2.4,-71
R.Williams,ARI,-100,-0.455,-0.523,58,167,60,0,2,2012,2.9,-1.5,1.0,-85
L.McCoy,PHI,321,0.181,0.165,314,1607,1654,9,1,2013,5.1,1.1,5.3,341
D.Murray,DAL,288,0.240,0.232,217,1119,1259,9,2,2013,5.2,1.4,5.8,295
J.Charles,KC,258,0.137,0.147,259,1288,1353,12,4,2013,5.0,1.0,5.2,247
M.Forte,CHI,191,0.074,0.073,288,1338,1351,10,3,2013,4.6,0.7,4.7,193
M.Lynch,SEA,146,0.059,0.029,301,1265,1397,12,3,2013,4.2,0.6,4.6,185
K.Moreno,DEN,199,0.084,0.111,241,1038,1148,10,1,2013,4.3,0.7,4.8,171
R.Jennings,OAK,158,0.158,0.148,163,733,847,6,0,2013,4.5,1.0,5.2,164
F.Jackson,BUF,170,0.091,0.098,206,890,1058,9,2,2013,4.3,0.8,5.1,163
E.Lacy,GB,171,0.053,0.063,284,1178,1246,11,1,2013,4.1,0.6,4.4,160
R.Mathews,SD,120,0.036,0.017,285,1255,1230,6,2,2013,4.4,0.5,4.3,141
S.Ridley,NE,133,0.102,0.099,178,774,837,7,3,2013,4.3,0.8,4.7,135
D.Williams,CAR,76,0.072,0.009,201,843,893,3,1,2013,4.2,0.6,4.4,126
A.Morris,WAS,133,0.020,0.030,277,1278,1184,8,6,2013,4.6,0.4,4.3,121
D.Brown,IND,122,0.192,0.203,101,533,554,6,0,2013,5.3,1.2,5.5,117
A.Ellington,ARI,107,0.175,0.154,118,657,576,3,1,2013,5.6,1.0,4.9,117
L.Blount,NE,131,0.094,0.116,153,776,747,7,3,2013,5.1,0.8,4.9,117
C.Johnson,TEN,75,0.015,-0.017,279,1067,1119,7,2,2013,3.8,0.4,4.0,110
D.Woodhead,SD,105,0.137,0.139,106,432,572,2,1,2013,4.1,1.0,5.4,104
A.Foster,HOU,85,0.114,0.086,121,542,586,1,0,2013,4.5,0.8,4.8,99
F.Gore,SF,40,-0.008,-0.051,276,1134,1153,9,3,2013,4.1,0.3,4.2,91
M.Ball,DEN,89,0.075,0.080,120,559,603,4,2,2013,4.7,0.7,5.0,86
M.Tolbert,CAR,69,0.090,0.056,101,361,559,6,0,2013,3.6,0.9,5.5,86
Z.Stacy,STL,55,-0.007,-0.031,250,976,998,7,1,2013,3.9,0.3,4.0,80
J.Bell,DET,75,0.020,0.017,166,653,756,8,4,2013,3.9,0.5,4.6,78
A.Peterson,MIN,135,-0.031,0.038,278,1264,1039,10,3,2013,4.5,0.2,3.7,60
B.Tate,HOU,51,-0.020,-0.019,180,773,743,4,4,2013,4.3,0.3,4.1,50
G.Bernard,CIN,69,-0.045,0.015,170,700,633,5,1,2013,4.1,0.2,3.7,28
L.Bell,PIT,15,-0.070,-0.072,244,860,954,8,1,2013,3.5,0.1,3.9,17
R.Bush,DET,38,-0.078,-0.043,223,1006,778,4,5,2013,4.5,0.0,3.5,7
P.Thomas,NO,32,-0.076,-0.036,148,554,566,2,0,2013,3.7,0.0,3.8,6
L.Miller,MIA,5,-0.077,-0.078,177,709,610,2,1,2013,4.0,0.0,3.4,6
D.Thomas,MIA,34,-0.077,-0.013,109,406,412,5,0,2013,3.7,0.0,3.8,4
C.Ivory,NYJ,38,-0.083,-0.034,182,833,641,3,2,2013,4.6,0.0,3.5,2
B.Powell,NYJ,37,-0.087,-0.035,176,700,620,1,1,2013,4.0,0.0,3.5,-1
S.Jackson,ATL,-9,-0.088,-0.099,157,543,581,6,0,2013,3.5,0.0,3.7,-2
R.Mendenhall,ARI,-66,-0.102,-0.157,217,687,781,8,4,2013,3.2,-0.1,3.6,-15
B.Green-Ellis,CIN,27,-0.114,-0.058,220,756,794,7,2,2013,3.4,-0.1,3.6,-27
D.Martin,TB,-53,-0.149,-0.195,127,457,364,1,1,2013,3.6,-0.2,2.9,-31
B.Rainey,2TM,-43,-0.142,-0.163,150,568,428,5,1,2013,3.8,-0.2,2.9,-31
D.McFadden,OAK,-31,-0.170,-0.155,114,379,326,5,1,2013,3.3,-0.3,2.9,-38
A.Brown,NYG,-30,-0.163,-0.139,139,494,421,3,3,2013,3.6,-0.3,3.0,-44
M.Jones-Drew,JAC,-66,-0.136,-0.153,234,803,768,5,1,2013,3.4,-0.2,3.3,-49
C.J.Spiller,BUF,-49,-0.178,-0.150,202,933,540,2,4,2013,4.6,-0.3,2.7,-70
W.McGahee,CLE,-98,-0.226,-0.235,137,382,414,2,1,2013,2.8,-0.7,3.0,-92
T.Richardson,2TM,-124,-0.222,-0.242,188,564,510,3,2,2013,3.0,-0.6,2.7,-108
B.Pierce,BAL,-125,-0.293,-0.283,152,436,333,2,0,2013,2.9,-0.9,2.2,-131
R.Rice,BAL,-145,-0.279,-0.252,214,660,477,4,2,2013,3.1,-0.8,2.2,-169
J.Starks,GB,130,0.192,0.242,89,493,521,3,1,2013,5.5,1.2,5.9,110
T.Gerhart,MIN,102,0.736,0.713,36,283,280,2,1,2013,7.9,2.9,7.8,105
S.Greene,TEN,58,0.089,0.081,77,295,398,4,0,2013,3.8,0.8,5.2,61
M.James,TB,54,0.146,0.126,60,295,316,0,0,2013,4.9,1.0,5.3,59
B.Bolden,NE,54,0.131,0.131,55,271,302,3,0,2013,4.9,1.0,5.5,54
R.Helu,WAS,51,0.085,0.094,62,274,321,4,1,2013,4.4,0.8,5.2,48
M.Ingram,NO,41,0.046,0.037,78,386,364,1,0,2013,4.9,0.6,4.7,45
E.Baker,CLE,38,0.131,0.116,43,171,229,2,0,2013,4.0,1.0,5.3,41
M.Asiata,MIN,24,0.129,0.042,44,166,230,3,1,2013,3.8,0.9,5.2,41
A.Bradshaw,IND,47,0.093,0.171,41,186,213,2,0,2013,4.5,0.8,5.2,33
L.Dunbar,DAL,22,0.168,0.091,30,150,157,0,0,2013,5.0,1.0,5.2,31
M.Reece,OAK,21,0.070,0.022,46,218,221,2,0,2013,4.7,0.7,4.8,31
C.Ogbonnaya,CLE,35,0.047,0.074,49,240,235,0,1,2013,4.9,0.6,4.8,29
J.Grimes,HOU,26,0.217,0.210,21,73,119,1,0,2013,3.5,1.3,5.7,27
B.Brown,PHI,12,-0.012,-0.046,75,314,306,2,0,2013,4.2,0.3,4.1,23
D.Sproles,NO,25,0.014,0.029,53,220,219,2,1,2013,4.2,0.4,4.1,21
B.Jacobs,NYG,38,-0.002,0.063,58,239,251,4,1,2013,4.1,0.4,4.3,21
J.Snelling,ATL,19,0.012,0.011,44,164,197,1,0,2013,3.7,0.4,4.5,19
K.Hunter,SF,2,-0.030,-0.080,78,364,277,3,1,2013,4.7,0.2,3.6,16
J.Todman,JAC,6,-0.042,-0.066,76,256,280,2,0,2013,3.4,0.2,3.7,13
T.Choice,2TM,9,-0.040,-0.037,46,170,176,0,0,2013,3.7,0.2,3.8,9
S.Vereen,NE,6,-0.050,-0.050,44,208,155,1,1,2013,4.7,0.1,3.5,6
B.Cunningham,STL,20,-0.057,0.024,47,261,163,1,2,2013,5.6,0.1,3.5,5
B.Leonard,TB,24,-0.059,0.049,47,182,160,0,0,2013,3.9,0.1,3.4,5
R.Hillman,DEN,3,-0.069,-0.071,55,218,201,1,2,2013,4.0,0.1,3.7,4
J.Stewart,CAR,1,-0.074,-0.080,48,180,158,0,1,2013,3.8,0.0,3.3,2
J.Rodgers,ATL,-7,-0.081,-0.103,96,332,364,2,0,2013,3.5,0.0,3.8,2
J.Randle,DAL,-9,-0.081,-0.125,54,164,191,2,0,2013,3.0,0.0,3.5,1
R.Brown,SD,-9,-0.113,-0.137,45,157,150,1,0,2013,3.5,-0.1,3.3,-5
K.Robinson,NO,4,-0.119,-0.064,54,224,165,1,0,2013,4.1,-0.1,3.1,-7
D.Scott,NYG,-4,-0.174,-0.135,20,73,57,0,0,2013,3.7,-0.4,2.9,-7
J.Battle,TEN,-19,-0.135,-0.204,36,142,129,1,0,2013,3.9,-0.2,3.6,-8
S.Taylor,ARI,-11,-0.147,-0.163,36,117,107,0,0,2013,3.3,-0.3,3.0,-9
F.Jones,PIT,-5,-0.134,-0.115,48,184,145,0,1,2013,3.8,-0.2,3.0,-9
D.Johnson,HOU,-12,-0.128,-0.137,49,183,182,0,0,2013,3.7,-0.2,3.7,-10
A.Dixon,SF,-31,-0.175,-0.305,28,56,103,2,0,2013,2.0,-0.5,3.7,-13
P.Hillis,NYG,-20,-0.133,-0.150,73,246,239,2,1,2013,3.4,-0.2,3.3,-14
F.Whittaker,CLE,-11,-0.252,-0.193,28,79,62,0,0,2013,2.8,-0.6,2.2,-17
J.Dwyer,PIT,-8,-0.187,-0.117,49,197,170,0,0,2013,4.0,-0.5,3.5,-25
R.Turbin,SEA,-28,-0.170,-0.178,77,264,215,0,0,2013,3.4,-0.3,2.8,-25
M.Cox,NYG,-35,-0.413,-0.505,22,43,27,0,0,2013,2.0,-1.2,1.2,-27
K.Davis,KC,-15,-0.194,-0.142,70,242,181,4,1,2013,3.5,-0.4,2.6,-29
D.Richardson,STL,-49,-0.194,-0.240,69,215,216,0,0,2013,3.1,-0.5,3.1,-34
D.Wilson,NYG,-42,-0.304,-0.317,44,144,93,1,2,2013,3.3,-0.9,2.1,-40
M.Bush,CHI,-60,-0.273,-0.287,63,197,166,3,0,2013,3.1,-0.9,2.6,-56
D.Robinson,JAC,-60,-0.861,-0.853,20,64,-31,0,3,2013,3.2,-3.1,-1.6,-61
D.Murray,DAL,369,0.148,0.140,392,1849,2025,13,3,2014,4.7,1.0,5.2,382
M.Lynch,SEA,307,0.231,0.185,280,1310,1561,14,1,2014,4.7,1.3,5.6,359
J.Charles,KC,212,0.199,0.157,205,1045,1157,9,4,2014,5.1,1.2,5.6,249
L.Miller,MIA,239,0.178,0.171,216,1099,1202,8,2,2014,5.1,1.1,5.6,246
L.Bell,PIT,283,0.086,0.152,290,1361,1354,8,0,2014,4.7,0.7,4.7,205
J.Hill,CIN,231,0.126,0.154,222,1127,1156,9,4,2014,5.1,0.9,5.2,204
C.J.Anderson,DEN,215,0.175,0.200,179,849,965,8,0,2014,4.7,1.1,5.4,196
E.Lacy,GB,159,0.098,0.069,246,1139,1189,10,3,2014,4.6,0.8,4.8,189
A.Foster,HOU,159,0.075,0.067,260,1246,1166,8,2,2014,4.8,0.6,4.5,167
F.Gore,SF,118,0.063,0.028,255,1106,1138,4,2,2014,4.3,0.6,4.5,154
J.Forsett,BAL,207,0.067,0.126,234,1267,1083,8,1,2014,5.4,0.6,4.6,149
M.Forte,CHI,112,0.009,0.008,265,1039,1210,6,1,2014,3.9,0.4,4.6,113
R.Jennings,NYG,75,0.070,0.019,167,639,797,4,0,2014,3.8,0.7,4.8,112
M.Ingram,NO,129,0.027,0.049,226,964,996,9,1,2014,4.3,0.5,4.4,108
L.McCoy,PHI,93,-0.016,-0.012,310,1317,1219,5,3,2014,4.2,0.3,3.9,87
J.McKinnon,MIN,72,0.115,0.092,113,538,482,0,0,2014,4.8,0.7,4.3,82
A.Morris,WAS,77,-0.014,-0.015,265,1079,1058,8,2,2014,4.1,0.3,4.0,77
J.Stewart,CAR,71,0.013,0.012,175,810,745,3,2,2014,4.6,0.4,4.3,72
S.Jackson,ATL,66,-0.003,-0.007,189,708,834,6,0,2014,3.7,0.4,4.4,70
M.Asiata,MIN,75,0.010,0.019,164,570,730,9,1,2014,3.5,0.4,4.5,69
C.Ivory,NYJ,60,-0.006,-0.017,198,823,854,6,2,2014,4.2,0.3,4.3,69
L.Blount,2TM,54,0.016,0.013,125,547,562,5,1,2014,4.4,0.4,4.5,56
T.Mason,STL,10,-0.009,-0.071,179,765,696,4,2,2014,4.3,0.3,3.9,55
R.Hillman,DEN,10,-0.014,-0.064,106,434,426,3,1,2014,4.1,0.3,4.0,31
I.Crowell,CLE,43,-0.036,-0.013,148,609,559,8,3,2014,4.1,0.2,3.8,30
B.Sankey,TEN,34,-0.045,-0.028,152,575,555,2,2,2014,3.8,0.2,3.7,24
F.Jackson,BUF,26,-0.047,-0.042,141,525,546,2,0,2014,3.7,0.2,3.9,23
T.West,CLE,39,-0.057,-0.032,171,673,656,4,1,2014,3.9,0.1,3.8,21
B.Oliver,SD,24,-0.055,-0.049,160,582,594,3,0,2014,3.6,0.1,3.7,20
C.Johnson,NYJ,31,-0.060,-0.036,155,663,559,1,1,2014,4.3,0.1,3.6,16
A.Dixon,BUF,19,-0.077,-0.041,105,432,362,2,1,2014,4.1,0.0,3.4,4
G.Bernard,CIN,8,-0.081,-0.074,168,680,601,5,0,2014,4.0,0.0,3.6,3
D.Robinson,JAC,31,-0.081,-0.028,135,583,464,4,2,2014,4.3,0.0,3.4,3
D.Martin,TB,5,-0.129,-0.075,134,494,397,2,0,2014,3.7,-0.2,3.0,-21
A.Williams,NYG,-54,-0.114,-0.148,217,721,705,7,1,2014,3.3,-0.1,3.2,-24
A.Ellington,ARI,-87,-0.123,-0.199,200,669,616,3,2,2014,3.3,-0.1,3.1,-29
D.McFadden,OAK,-40,-0.139,-0.151,156,534,472,2,1,2014,3.4,-0.2,3.0,-33
T.Gerhart,JAC,-27,-0.161,-0.144,101,326,345,2,1,2014,3.2,-0.3,3.4,-35
B.Tate,2TM,-29,-0.168,-0.150,119,371,333,4,0,2014,3.1,-0.3,2.8,-38
K.Davis,KC,-70,-0.177,-0.216,134,478,386,6,3,2014,3.6,-0.4,2.9,-50
T.Richardson,IND,-46,-0.177,-0.157,159,520,462,3,2,2014,3.3,-0.4,2.9,-59
J.Bell,DET,-19,-0.149,-0.106,223,861,707,7,5,2014,3.9,-0.3,3.2,-59
A.Blue,HOU,-60,-0.213,-0.174,169,528,449,3,0,2014,3.1,-0.5,2.7,-88
J.Gray,NE,152,0.291,0.293,89,412,593,5,0,2014,4.6,1.7,6.7,152
D.Sproles,PHI,87,0.304,0.307,56,318,329,6,2,2014,5.7,1.5,5.9,86
P.Thomas,NO,73,0.309,0.302,45,223,283,2,0,2014,5.0,1.6,6.3,74
J.Randle,DAL,63,0.263,0.237,51,344,277,3,2,2014,6.7,1.3,5.4,68
J.Thompson,DEN,70,0.180,0.190,54,272,326,3,1,2014,5.0,1.2,6.0,67
R.Mathews,SD,37,0.113,0.032,74,333,369,3,1,2014,4.5,0.8,5.0,62
R.Turbin,SEA,41,0.095,0.046,74,310,363,0,1,2014,4.2,0.8,4.9,57
K.Robinson,NO,67,0.089,0.121,76,362,372,3,1,2014,4.8,0.8,4.9,57
K.Moreno,MIA,45,0.269,0.236,31,148,200,1,0,2014,4.8,1.6,6.5,50
K.Carey,CHI,48,0.212,0.218,36,158,211,0,0,2014,4.4,1.3,5.9,47
C.Polk,PHI,42,0.129,0.128,46,172,240,4,0,2014,3.7,0.9,5.2,43
R.Helu,WAS,43,0.157,0.161,40,216,219,1,0,2014,5.4,1.1,5.5,42
C.Hyde,SF,25,0.030,-0.009,83,333,348,4,1,2014,4.0,0.5,4.2,38
A.Smith,ATL,33,0.273,0.253,23,144,142,2,1,2014,6.3,1.5,6.2,35
L.Murray,OAK,26,0.017,-0.010,82,424,353,2,1,2014,5.2,0.4,4.3,35
D.Thomas,MIA,30,0.113,0.089,44,168,203,2,1,2014,3.8,0.8,4.6,34
F.Whittaker,CAR,37,0.227,0.267,32,145,145,1,0,2014,4.5,1.0,4.5,33
A.Bradshaw,IND,28,-0.018,-0.013,90,428,370,2,3,2014,4.8,0.3,4.1,26
B.Cunningham,STL,7,0.017,-0.057,66,246,257,3,0,2014,3.7,0.4,3.9,26
C.Michael,SEA,19,0.100,0.058,34,175,158,0,1,2014,5.1,0.7,4.6,25
K.Williams,ARI,31,0.026,0.063,53,246,217,0,1,2014,4.6,0.4,4.1,23
B.Powell,NYJ,24,0.076,0.095,33,141,150,1,0,2014,4.3,0.7,4.5,22
R.Bush,DET,24,-0.024,-0.001,75,289,271,2,0,2014,3.9,0.2,3.6,17
D.Herron,IND,34,-0.029,0.026,78,351,292,1,1,2014,4.5,0.2,3.7,17
J.Todman,JAC,20,0.038,0.082,32,186,126,1,0,2014,5.8,0.5,3.9,15
J.Banyard,MIN,15,0.086,0.091,21,88,97,0,0,2014,4.2,0.7,4.6,15
B.Rainey,TB,23,-0.049,-0.024,94,406,344,1,1,2014,4.3,0.1,3.7,14
S.Greene,TEN,16,-0.052,-0.045,94,392,365,2,1,2014,4.2,0.1,3.9,14
J.Kuhn,GB,8,0.031,-0.016,24,85,119,1,0,2014,3.5,0.5,5.0,13
S.Taylor,ARI,-6,-0.044,-0.107,63,208,246,1,0,2014,3.3,0.2,3.9,11
R.Brown,2TM,6,0.023,-0.018,20,63,87,0,0,2014,3.2,0.5,4.4,9
P.Hillis,NYG,2,-0.019,-0.060,26,115,88,0,0,2014,4.4,0.2,3.4,6
A.Peterson,MIN,-4,-0.018,-0.138,21,75,72,0,0,2014,3.6,0.2,3.4,5
S.Vereen,NE,-2,-0.074,-0.091,96,391,316,2,0,2014,4.1,0.0,3.3,4
L.Taliaferro,BAL,32,-0.072,0.017,68,292,277,4,1,2014,4.3,0.1,4.1,4
M.Reece,OAK,1,-0.061,-0.076,21,85,81,0,1,2014,4.0,0.1,3.9,2
J.Starks,GB,-8,-0.086,-0.110,85,340,301,2,1,2014,4.0,0.0,3.5,0
Z.Stacy,STL,3,-0.088,-0.077,76,298,274,1,2,2014,3.9,0.0,3.6,-1
Da.Williams,MIA,-6,-0.097,-0.127,36,122,126,0,0,2014,3.4,-0.1,3.5,-2
B.Bolden,NE,-6,-0.112,-0.135,28,89,94,1,0,2014,3.2,-0.1,3.4,-3
S.Ridley,NE,17,-0.099,-0.046,94,340,351,2,0,2014,3.6,-0.1,3.7,-6
J.Rodgers,ATL,7,-0.114,-0.057,58,217,198,1,1,2014,3.7,-0.1,3.4,-7
L.Dunbar,DAL,-13,-0.169,-0.195,29,99,86,0,0,2014,3.4,-0.3,3.0,-10
De.Williams,CAR,-22,-0.152,-0.174,62,221,189,0,1,2014,3.6,-0.3,3.0,-17
S.Johnson,JAC,-11,-0.221,-0.171,29,86,84,2,0,2014,3.0,-0.6,2.9,-18
D.McCluster,TEN,-7,-0.202,-0.128,39,125,109,0,0,2014,3.2,-0.5,2.8,-19
B.Brown,BUF,-25,-0.229,-0.253,36,126,93,0,1,2014,3.5,-0.6,2.6,-21
J.Grimes,HOU,-3,-0.240,-0.104,39,153,88,0,0,2014,3.9,-0.6,2.3,-22
T.Riddick,DET,-17,-0.344,-0.283,20,51,38,0,0,2014,2.6,-1.1,1.9,-22
B.Pierce,BAL,-13,-0.148,-0.118,93,366,295,2,1,2014,3.9,-0.3,3.2,-24
M.Ball,DEN,-30,-0.202,-0.221,55,172,150,1,1,2014,3.1,-0.5,2.7,-26
D.Reaves,CAR,-29,-0.298,-0.311,31,78,66,0,0,2014,2.5,-0.9,2.1,-27
D.Freeman,ATL,-47,-0.229,-0.262,65,249,167,1,1,2014,3.8,-0.6,2.6,-38
D.Brown,SD,-74,-0.239,-0.308,84,221,205,0,0,2014,2.6,-0.6,2.4,-51
M.Jones-Drew,OAK,-66,-0.501,-0.485,42,107,31,0,1,2014,2.5,-1.6,0.7,-69
M.Tolbert,CAR,-68,-0.532,-0.508,37,78,22,0,0,2014,2.1,-1.9,0.6,-72
C.J.Spiller,BUF,-80,-0.332,-0.344,78,303,142,0,3,2014,3.9,-1.0,1.8,-76
C.Sims,TB,-77,-0.421,-0.394,66,185,79,1,2,2014,2.8,-1.3,1.2,-84
T.Rawls,SEA,224,0.264,0.278,147,830,880,4,1,2015,5.6,1.5,6.0,216
M.Forte,CHI,147,0.120,0.071,218,898,1118,4,1,2015,4.1,0.9,5.1,192
De.Williams,PIT,162,0.121,0.096,200,907,1065,11,3,2015,4.5,0.9,5.3,184
T.Gurley,STL,124,0.100,0.049,229,1102,1065,10,3,2015,4.8,0.7,4.7,170
L.Bell,PIT,127,0.281,0.201,113,556,643,3,0,2015,4.9,1.4,5.7,162
A.Peterson,MIN,133,0.022,0.015,327,1490,1369,11,6,2015,4.6,0.4,4.2,143
L.McCoy,BUF,110,0.088,0.052,202,895,915,3,1,2015,4.4,0.7,4.5,139
Da.Johnson,ARI,149,0.157,0.185,125,581,688,8,2,2015,4.6,1.1,5.5,133
R.Mathews,PHI,106,0.204,0.146,108,539,610,6,3,2015,5.0,1.2,5.6,133
G.Bernard,CIN,130,0.118,0.117,154,730,761,2,0,2015,4.7,0.9,4.9,131
J.Langford,CHI,111,0.127,0.106,148,537,695,6,0,2015,3.6,0.8,4.7,123
R.Jennings,NYG,161,0.056,0.110,195,863,897,3,1,2015,4.4,0.6,4.6,117
J.Forsett,BAL,101,0.091,0.067,151,641,759,2,0,2015,4.2,0.8,5.0,117
M.Ingram,NO,120,0.066,0.083,166,769,788,6,1,2015,4.6,0.7,4.7,108
D.Freeman,ATL,122,-0.005,0.023,264,1062,1107,11,2,2015,4.0,0.3,4.2,90
J.Hill,CIN,64,0.001,-0.020,223,792,976,11,3,2015,3.6,0.4,4.4,85
D.McFadden,DAL,103,-0.004,0.016,239,1089,1012,3,3,2015,4.6,0.3,4.2,83
D.Martin,TB,150,-0.016,0.042,288,1402,1137,6,4,2015,4.9,0.3,3.9,81
L.Miller,MIA,105,0.017,0.048,194,872,806,8,1,2015,4.5,0.4,4.2,81
C.West,KC,74,0.028,0.024,160,634,705,4,1,2015,4.0,0.5,4.4,77
L.Blount,NE,91,0.002,0.039,165,703,729,6,1,2015,4.3,0.4,4.4,64
A.Blue,HOU,10,-0.002,-0.072,183,698,726,2,2,2015,3.8,0.3,4.0,61
C.Hyde,SF,27,0.039,-0.030,115,470,509,4,1,2015,4.1,0.5,4.4,60
C.Sims,TB,71,0.026,0.074,107,529,463,0,1,2015,4.9,0.5,4.3,50
M.Lynch,SEA,54,0.012,0.026,111,417,495,3,0,2015,3.8,0.4,4.5,47
T.J.Yeldon,JAC,31,-0.032,-0.044,182,740,690,2,0,2015,4.1,0.2,3.8,39
I.Crowell,CLE,-21,-0.040,-0.113,185,706,736,4,0,2015,3.8,0.2,4.0,36
C.J.Anderson,DEN,70,-0.032,0.026,152,720,591,5,2,2015,4.7,0.2,3.9,34
L.Murray,OAK,27,-0.056,-0.060,266,1066,965,6,3,2015,4.0,0.1,3.6,32
B.Allen,BAL,0,-0.032,-0.086,137,518,549,1,2,2015,3.8,0.2,4.0,31
Du.Johnson,CLE,9,-0.014,-0.065,104,379,411,0,0,2015,3.6,0.3,4.0,30
C.Johnson,ARI,24,-0.054,-0.055,196,812,735,3,2,2015,4.1,0.1,3.8,26
J.Stewart,CAR,78,-0.062,-0.005,242,988,869,6,3,2015,4.1,0.1,3.6,23
R.Hillman,DEN,75,-0.062,0.001,207,863,777,7,2,2015,4.2,0.1,3.8,21
E.Lacy,GB,42,-0.083,-0.033,187,758,688,3,3,2015,4.1,0.0,3.7,3
F.Gore,IND,-65,-0.086,-0.147,260,968,917,6,4,2015,3.7,0.0,3.5,0
A.Abdullah,DET,21,-0.089,-0.050,143,597,505,2,4,2015,4.2,0.0,3.5,-2
A.Andrews,TEN,-17,-0.095,-0.114,143,520,523,3,1,2015,3.6,0.0,3.7,-6
D.Murray,PHI,19,-0.121,-0.063,193,704,659,6,2,2015,3.6,-0.2,3.4,-29
C.Ivory,NYJ,23,-0.115,-0.064,247,1073,863,7,3,2015,4.3,-0.1,3.5,-31
J.Starks,GB,-49,-0.158,-0.163,148,601,470,2,4,2015,4.1,-0.3,3.2,-46
A.Morris,WAS,9,-0.150,-0.074,202,751,612,2,0,2015,3.7,-0.3,3.0,-52
M.Gordon,SD,-94,-0.174,-0.208,184,641,551,0,5,2015,3.5,-0.4,3.0,-68
M.Jones,WAS,-54,-0.234,-0.173,144,490,386,3,4,2015,3.4,-0.6,2.7,-92
K.Williams,BUF,150,0.304,0.281,93,517,609,7,1,2015,5.6,1.7,6.5,159
T.Hightower,NO,95,0.165,0.130,96,375,555,4,0,2015,3.9,1.1,5.8,110
S.Ware,KC,144,0.258,0.380,72,403,438,6,0,2015,5.6,1.5,6.1,106
J.Charles,KC,90,0.248,0.230,71,364,401,4,2,2015,5.1,1.4,5.6,96
D.Sproles,PHI,64,0.148,0.100,83,317,426,3,0,2015,3.8,1.0,5.1,80
D.Lewis,NE,83,0.281,0.308,49,234,306,2,0,2015,4.8,1.6,6.2,77
A.Ellington,ARI,63,0.244,0.239,45,289,272,3,1,2015,6.4,1.4,6.0,64
K.Carey,CHI,34,0.212,0.098,43,161,251,2,1,2015,3.7,1.3,5.8,56
J.Grimes,HOU,42,0.200,0.134,56,282,251,1,0,2015,5.0,1.0,4.5,54
M.Gillislee,BUF,20,0.209,0.026,47,267,246,3,1,2015,5.7,1.1,5.2,54
M.Tolbert,CAR,53,0.098,0.097,62,256,339,1,0,2015,4.1,0.9,5.5,54
C.Michael,2TM,29,0.132,0.037,54,243,285,0,0,2015,4.5,0.9,5.3,51
J.McKinnon,MIN,61,0.153,0.208,52,271,260,2,0,2015,5.2,1.0,5.0,50
R.Turbin,2TM,32,0.135,0.071,50,199,249,1,0,2015,4.0,0.9,5.0,45
J.Olawale,OAK,44,0.335,0.340,24,110,160,1,0,2015,4.6,1.8,6.7,44
K.Barner,PHI,22,0.183,0.107,28,124,145,0,1,2015,4.4,1.1,5.2,30
K.Robinson,NO,24,0.030,0.012,56,180,257,4,0,2015,3.2,0.5,4.6,29
O.Darkwa,NYG,17,0.077,0.016,37,153,187,1,0,2015,4.1,0.7,5.1,27
B.Oliver,SD,23,0.101,0.071,31,108,169,0,0,2015,3.5,0.9,5.5,27
F.Jackson,SEA,16,0.179,0.088,26,100,120,0,0,2015,3.8,1.0,4.6,25
B.Powell,NYJ,48,0.010,0.103,70,313,261,1,1,2015,4.5,0.4,3.7,25
C.Thompson,WAS,25,0.080,0.101,35,216,150,0,1,2015,6.2,0.6,4.3,22
D.Brown,SD,-3,0.003,-0.099,59,229,242,1,0,2015,3.9,0.4,4.1,21
J.Randle,DAL,43,-0.035,0.055,76,315,288,4,1,2015,4.1,0.2,3.8,16
B.Brown,SEA,-1,0.050,-0.092,26,72,122,1,0,2015,2.8,0.6,4.7,15
D.Woodhead,SD,14,-0.055,-0.054,96,330,388,3,0,2015,3.4,0.1,4.0,13
B.Sankey,TEN,18,-0.015,0.016,47,193,167,1,1,2015,4.1,0.3,3.6,12
S.Jackson,NE,3,0.028,-0.056,21,50,105,1,0,2015,2.4,0.5,5.0,11
F.Whittaker,CAR,20,0.020,0.103,25,108,111,1,0,2015,4.3,0.4,4.4,11
S.Vereen,NYG,20,-0.048,0.002,61,260,214,0,0,2015,4.3,0.1,3.5,9
J.Gray,2TM,14,-0.058,-0.012,45,176,173,0,0,2015,3.9,0.1,3.8,5
C.Artis-Payne,CAR,-10,-0.092,-0.141,45,183,160,1,0,2015,4.1,0.0,3.6,-1
M.Asiata,MIN,-1,-0.118,-0.098,29,112,87,0,0,2015,3.9,-0.1,3.0,-3
T.Ward,ATL,-6,-0.123,-0.141,29,95,87,1,0,2015,3.3,-0.1,3.0,-4
D.Harris,2TM,-31,-0.124,-0.244,48,191,155,0,1,2015,4.0,-0.1,3.2,-7
B.Cunningham,STL,-29,-0.149,-0.276,37,140,116,0,1,2015,3.8,-0.3,3.1,-10
D.McCluster,TEN,-1,-0.149,-0.092,55,247,140,1,1,2015,4.5,-0.2,2.5,-12
T.Coleman,ATL,13,-0.119,-0.051,87,393,296,1,3,2015,4.5,-0.1,3.4,-12
J.White,NE,-13,-0.221,-0.231,22,56,59,2,0,2015,2.5,-0.5,2.7,-12
M.Davis,SF,-42,-0.173,-0.371,35,58,106,1,0,2015,1.7,-0.4,3.0,-13
J.Bell,DET,-2,-0.125,-0.091,90,311,308,4,1,2015,3.5,-0.2,3.4,-15
D.Cobb,TEN,-27,-0.164,-0.221,52,146,148,1,0,2015,2.8,-0.3,2.8,-16
J.Ajayi,MIA,-3,-0.177,-0.100,49,187,130,1,0,2015,3.8,-0.3,2.7,-17
Z.Stacy,NYJ,-16,-0.240,-0.230,31,89,69,1,0,2015,2.9,-0.5,2.2,-17
A.Dixon,BUF,-18,-0.269,-0.265,21,44,55,1,0,2015,2.1,-0.9,2.6,-18
D.Herron,2TM,-13,-0.262,-0.213,25,79,61,0,1,2015,3.2,-0.8,2.4,-19
K.Williams,ARI,-9,-0.271,-0.170,27,142,57,1,1,2015,5.3,-0.7,2.1,-19
K.Davis,KC,-19,-0.257,-0.256,28,72,66,1,0,2015,2.6,-0.7,2.4,-19
T.West,2TM,-35,-0.172,-0.221,62,231,187,0,2,2015,3.7,-0.4,3.0,-22
S.Draughn,2TM,-27,-0.168,-0.177,78,273,213,1,1,2015,3.5,-0.3,2.7,-24
T.Riddick,DET,-19,-0.245,-0.192,43,133,110,0,1,2015,3.1,-0.7,2.6,-29
C.J.Spiller,NO,-24,-0.285,-0.249,36,112,80,0,1,2015,3.1,-0.8,2.2,-29
C.Polk,HOU,-21,-0.170,-0.143,99,334,265,1,0,2015,3.4,-0.3,2.7,-31
A.Bradshaw,IND,-35,-0.360,-0.337,31,85,57,0,0,2015,2.7,-1.2,1.8,-38
B.Bolden,NE,-52,-0.243,-0.289,63,207,155,0,0,2015,3.3,-0.6,2.5,-40
D.Robinson,JAC,-38,-0.244,-0.227,67,265,164,1,3,2015,4.0,-0.6,2.4,-43
T.Gerhart,JAC,-38,-0.508,-0.427,20,44,20,0,0,2015,2.2,-2.4,1.0,-47
A.Foster,HOU,-55,-0.297,-0.311,63,165,126,1,2,2015,2.6,-0.8,2.0,-51
S.Ridley,NYJ,-36,-0.455,-0.344,36,90,36,0,0,2015,2.5,-1.4,1.0,-51
A.Williams,NYG,-64,-0.309,-0.257,88,257,186,1,0,2015,2.9,-0.9,2.1,-83
T.Mason,STL,-90,-0.417,-0.388,75,209,97,1,3,2015,2.8,-1.3,1.3,-99
E.Elliott,DAL,354,0.159,0.170,322,1626,1743,15,5,2016,5.0,1.1,5.4,339
L.McCoy,BUF,244,0.283,0.180,234,1269,1339,14,3,2016,5.4,1.4,5.7,338
L.Bell,PIT,271,0.173,0.167,261,1269,1371,7,3,2016,4.9,1.1,5.3,277
M.Gillislee,BUF,236,0.449,0.408,101,577,827,8,0,2016,5.7,2.5,8.2,256
J.Howard,CHI,246,0.123,0.148,252,1313,1258,6,1,2016,5.2,0.9,5.0,219
C.Hyde,SF,98,0.153,0.029,216,991,1068,6,4,2016,4.6,0.9,4.9,204
J.Ajayi,MIA,126,0.093,0.037,260,1273,1187,8,4,2016,4.9,0.7,4.6,185
B.Powell,NYJ,197,0.231,0.258,131,714,788,3,0,2016,5.5,1.4,6.0,182
Da.Johnson,ARI,139,0.051,0.022,292,1235,1404,16,5,2016,4.2,0.6,4.8,177
M.Ingram,NO,223,0.113,0.169,205,1043,1038,6,2,2016,5.1,0.9,5.1,175
I.Crowell,CLE,94,0.134,0.037,198,952,932,7,2,2016,4.8,0.9,4.7,169
F.Gore,IND,88,0.056,-0.007,263,1032,1222,5,2,2016,3.9,0.6,4.6,159
D.Freeman,ATL,179,0.064,0.095,227,1079,1089,11,1,2016,4.8,0.7,4.8,148
L.Blount,NE,84,0.015,-0.021,299,1161,1339,18,2,2016,3.9,0.4,4.5,131
D.Henry,TEN,139,0.196,0.214,110,490,612,5,0,2016,4.5,1.2,5.6,131
T.Hightower,NO,99,0.119,0.081,133,548,708,4,0,2016,4.1,0.9,5.3,121
R.Kelley,WAS,62,0.058,0.001,168,704,775,6,0,2016,4.2,0.6,4.6,102
T.Coleman,ATL,90,0.097,0.105,118,528,544,8,1,2016,4.5,0.7,4.6,86
R.Mathews,PHI,67,0.000,0.014,155,657,672,8,3,2016,4.2,0.4,4.3,58
S.Ware,KC,72,-0.027,-0.007,214,921,875,3,3,2016,4.3,0.3,4.1,54
C.Michael,2TM,48,-0.006,-0.012,148,583,645,7,1,2016,3.9,0.4,4.4,52
J.Rodgers,TB,64,0.002,0.033,129,560,542,2,0,2016,4.3,0.4,4.2,47
L.Murray,OAK,100,-0.034,0.025,195,788,854,12,2,2016,4.0,0.2,4.4,46
D.Murray,TEN,140,-0.053,0.024,294,1287,1165,10,4,2016,4.4,0.1,4.0,42
J.Hill,CIN,36,-0.050,-0.049,222,839,883,9,0,2016,3.8,0.2,4.0,34
P.Perkins,NYG,22,-0.061,-0.038,112,456,407,0,1,2016,4.1,0.1,3.6,11
A.Blue,HOU,29,-0.072,-0.017,100,420,373,1,1,2016,4.2,0.1,3.7,6
T.West,BAL,-10,-0.082,-0.099,193,783,671,5,2,2016,4.1,0.0,3.5,3
M.Gordon,SD,83,-0.084,-0.010,254,997,945,10,2,2016,3.9,0.0,3.7,2
M.Forte,NYJ,-5,-0.088,-0.091,218,813,768,7,1,2016,3.7,0.0,3.5,-2
T.Rawls,SEA,-26,-0.090,-0.143,108,349,391,3,0,2016,3.2,0.0,3.6,-2
M.Asiata,MIN,-15,-0.108,-0.111,121,402,492,6,1,2016,3.3,-0.1,4.1,-13
J.McKinnon,MIN,-56,-0.110,-0.176,159,539,508,2,0,2016,3.4,-0.1,3.2,-15
L.Miller,HOU,29,-0.105,-0.059,268,1077,908,5,2,2016,4.0,-0.1,3.4,-21
C.J.Anderson,DEN,9,-0.135,-0.066,110,437,356,4,0,2016,4.0,-0.2,3.2,-23
J.Stewart,CAR,9,-0.118,-0.076,218,826,740,9,3,2016,3.8,-0.1,3.4,-29
T.Gurley,LARM,-75,-0.144,-0.151,278,885,880,6,2,2016,3.2,-0.2,3.2,-66
T.J.Yeldon,JAC,-57,-0.248,-0.199,130,465,299,1,2,2016,3.6,-0.6,2.3,-81
D.Martin,TB,-76,-0.220,-0.211,144,421,394,4,1,2016,2.9,-0.6,2.7,-82
R.Jennings,NYG,-72,-0.205,-0.185,180,587,485,3,0,2016,3.3,-0.5,2.7,-86
D.Booker,DEN,-62,-0.211,-0.167,174,612,502,4,2,2016,3.5,-0.5,2.9,-95
C.Ivory,JAC,-93,-0.343,-0.277,117,439,215,3,5,2016,3.8,-1.1,1.8,-125
R.Burkhead,CIN,126,0.420,0.305,74,344,543,2,0,2016,4.6,2.2,7.3,163
C.Thompson,WAS,99,0.339,0.292,68,356,406,3,1,2016,5.2,1.6,6.0,111
D.Sproles,PHI,83,0.176,0.133,94,438,485,2,0,2016,4.7,1.1,5.2,99
R.Turbin,IND,83,0.322,0.264,46,163,360,6,0,2016,3.5,2.1,7.8,96
T.Montgomery,GB,105,0.176,0.234,77,457,422,3,1,2016,5.9,1.1,5.5,86
E.Lacy,GB,61,0.204,0.124,71,360,386,0,0,2016,5.1,1.2,5.4,84
M.Jones,WAS,50,0.102,0.026,99,461,514,3,3,2016,4.7,0.8,5.2,83
J.Richard,OAK,97,0.167,0.240,83,491,380,1,0,2016,5.9,0.9,4.6,76
D.Lewis,NE,52,0.210,0.125,64,283,333,0,1,2016,4.4,1.2,5.2,74
K.Drake,MIA,57,0.381,0.357,33,179,208,2,0,2016,5.4,1.8,6.3,60
D.Washington,OAK,78,0.070,0.136,87,467,390,2,1,2016,5.4,0.6,4.5,55
Du.Johnson,CLE,45,0.112,0.081,73,358,321,1,1,2016,4.9,0.7,4.4,54
K.Dixon,BAL,54,0.051,0.052,88,378,425,3,1,2016,4.3,0.6,4.8,54
K.Barner,PHI,43,0.339,0.296,27,129,173,2,0,2016,4.8,1.7,6.4,47
C.J.Prosise,SEA,18,0.196,0.051,31,172,177,1,0,2016,5.5,1.2,5.7,38
A.Ripkowski,GB,37,0.090,0.132,34,150,197,2,0,2016,4.4,0.9,5.8,30
J.White,NE,24,0.078,0.074,39,166,168,0,0,2016,4.3,0.6,4.3,24
G.Bernard,CIN,22,-0.021,-0.027,91,337,364,2,0,2016,3.7,0.3,4.0,24
S.Draughn,SF,-26,-0.007,-0.172,74,196,300,4,0,2016,2.6,0.3,4.1,24
Da.Williams,MIA,9,0.063,-0.025,35,115,164,3,0,2016,3.3,0.6,4.7,22
Z.Zenner,DET,9,-0.031,-0.062,88,334,370,4,1,2016,3.8,0.2,4.2,21
O.Darkwa,NYG,21,0.069,0.100,30,111,127,2,0,2016,3.7,0.6,4.2,18
W.Smallwood,PHI,9,-0.034,-0.059,77,314,304,1,1,2016,4.1,0.2,3.9,17
K.Bibbs,DEN,21,0.027,0.085,29,129,131,0,0,2016,4.4,0.5,4.5,14
C.Johnson,ARI,19,-0.020,0.086,25,95,105,1,0,2016,3.8,0.3,4.2,7
T.Ward,ATL,14,-0.028,0.030,31,151,115,0,0,2016,4.9,0.2,3.7,7
C.Artis-Payne,CAR,21,-0.045,0.050,36,144,139,2,0,2016,4.0,0.2,3.9,6
K.Carey,CHI,-6,-0.064,-0.132,32,126,115,0,0,2016,3.9,0.1,3.6,3
A.Morris,DAL,11,-0.077,-0.049,69,243,271,2,0,2016,3.5,0.0,3.9,3
S.Vereen,NYG,14,-0.078,0.014,33,158,121,1,1,2016,4.8,0.0,3.7,1
J.Langford,CHI,-9,-0.093,-0.118,62,201,233,4,2,2016,3.2,0.0,3.8,-2
B.Cunningham,LARM,-14,-0.114,-0.254,21,101,70,0,1,2016,4.8,-0.1,3.3,-2
J.Grimes,HOU,-7,-0.140,-0.173,23,105,63,0,0,2016,4.6,-0.2,2.7,-4
T.Riddick,DET,-1,-0.098,-0.087,92,357,310,1,0,2016,3.9,-0.1,3.4,-5
A.Collins,SEA,-8,-0.130,-0.148,31,125,103,1,2,2016,4.0,-0.2,3.3,-6
D.McFadden,DAL,-3,-0.157,-0.118,24,87,74,0,0,2016,3.6,-0.3,3.1,-7
C.Grant,JAC,13,-0.150,0.007,32,164,104,1,0,2016,5.1,-0.3,3.3,-9
M.Tolbert,CAR,-7,-0.186,-0.134,35,114,98,0,0,2016,3.3,-0.4,2.8,-14
D.Williams,PIT,25,-0.128,-0.022,98,343,312,4,0,2016,3.5,-0.2,3.2,-17
A.Hunt,HOU,-22,-0.328,-0.392,20,109,33,0,2,2016,5.5,-0.9,1.7,-17
P.Barber,TB,11,-0.172,-0.038,55,223,161,1,0,2016,4.1,-0.3,2.9,-19
A.Foster,MIA,-42,-0.336,-0.530,22,55,43,0,1,2016,2.5,-1.1,2.0,-24
A.Ellington,ARI,-33,-0.268,-0.327,34,96,77,0,0,2016,2.8,-0.7,2.3,-25
D.Robinson,JAC,0,-0.241,-0.087,41,144,97,0,0,2016,3.5,-0.6,2.4,-25
D.Harris,SF,-32,-0.281,-0.289,38,144,85,0,1,2016,3.8,-0.8,2.2,-31
J.Williams,BUF,-40,-0.329,-0.398,27,98,59,1,2,2016,3.6,-1.1,2.2,-31
K.Farrow,SD,-27,-0.211,-0.188,60,192,172,0,1,2016,3.2,-0.6,2.9,-33
F.Whittaker,CAR,-7,-0.241,-0.120,57,265,131,0,1,2016,4.6,-0.6,2.3,-34
R.Hillman,2TM,-18,-0.313,-0.195,40,132,79,0,0,2016,3.3,-0.9,2.0,-36
Dw.Washington,DET,-58,-0.193,-0.246,90,265,250,1,0,2016,2.9,-0.4,2.8,-39
C.Sims,TB,-56,-0.336,-0.359,51,149,93,1,1,2016,2.9,-1.0,1.8,-52
J.Starks,GB,-75,-0.296,-0.377,62,151,133,0,0,2016,2.4,-0.9,2.1,-54
A.Peterson,MIN,-63,-0.491,-0.532,37,72,29,0,1,2016,1.9,-1.5,0.8,-57
C.West,KC,-56,-0.255,-0.243,88,293,207,1,0,2016,3.3,-0.7,2.4,-60
J.Forsett,3TM,-103,-0.372,-0.373,87,291,142,1,2,2016,3.3,-1.2,1.6,-103
D.Lewis,NE,280,0.276,0.286,180,896,1090,6,0,2017,5.0,1.5,6.1,273
T.Gurley,LARM,205,0.139,0.086,279,1305,1444,13,5,2017,4.7,1.0,5.2,268
A.Kamara,NO,255,0.445,0.444,120,728,828,8,1,2017,6.1,2.1,6.9,255
K.Hunt,KC,248,0.119,0.143,272,1327,1292,8,1,2017,4.9,0.8,4.8,222
L.Bell,PIT,261,0.079,0.115,321,1315,1462,9,2,2017,4.1,0.7,4.6,214
A.Collins,BAL,181,0.151,0.123,212,980,1075,6,2,2017,4.6,1.0,5.1,205
E.Elliott,DAL,198,0.111,0.105,242,983,1228,7,1,2017,4.1,0.8,5.1,205
M.Ingram,NO,210,0.112,0.128,230,1127,1157,12,2,2017,4.9,0.8,5.0,193
M.Lynch,OAK,131,0.101,0.063,207,891,1022,7,1,2017,4.3,0.8,4.9,165
J.Howard,CHI,122,0.058,0.024,276,1124,1219,9,1,2017,4.1,0.6,4.4,160
L.Fournette,JAC,57,0.021,-0.033,268,1040,1109,9,2,2017,3.9,0.4,4.1,115
J.Williams,GB,86,0.074,0.041,153,556,760,4,0,2017,3.6,0.7,5.0,108
B.Allen,BAL,67,0.062,0.018,153,591,714,4,0,2017,3.9,0.6,4.7,96
D.Freeman,ATL,105,0.015,0.034,195,862,895,7,4,2017,4.4,0.5,4.6,89
M.Breida,SF,79,0.130,0.111,104,471,486,2,1,2017,4.5,0.8,4.7,87
A.Morris,DAL,99,0.084,0.126,115,547,531,1,0,2017,4.8,0.7,4.6,79
J.Mixon,CIN,-1,0.010,-0.087,177,606,722,4,1,2017,3.4,0.4,4.1,68
F.Gore,IND,46,-0.023,-0.042,261,955,1012,3,3,2017,3.7,0.3,3.9,66
P.Barber,TB,58,0.044,0.033,108,423,522,3,2,2017,3.9,0.6,4.8,63
L.Murray,MIN,58,-0.023,-0.023,216,842,901,8,1,2017,3.9,0.3,4.2,59
L.Miller,HOU,42,-0.028,-0.044,238,892,941,3,1,2017,3.7,0.2,4.0,57
D.Henry,TEN,37,-0.012,-0.037,176,744,737,5,1,2017,4.2,0.3,4.2,56
O.Darkwa,NYG,61,-0.013,-0.003,171,751,714,5,1,2017,4.4,0.3,4.2,53
G.Bernard,CIN,43,0.034,0.019,105,458,427,2,0,2017,4.4,0.5,4.1,48
I.Crowell,CLE,57,-0.029,-0.014,205,851,763,2,1,2017,4.2,0.2,3.7,46
M.Gillislee,NE,58,-0.008,0.031,104,383,492,5,1,2017,3.7,0.4,4.7,39
J.Ajayi,2TM,21,-0.051,-0.059,208,885,725,1,3,2017,4.3,0.1,3.5,27
D.Murray,TEN,-1,-0.050,-0.088,184,659,698,6,1,2017,3.6,0.1,3.8,27
M.Gordon,LACH,30,-0.068,-0.060,284,1105,1039,8,1,2017,3.9,0.1,3.7,21
C.J.Anderson,DEN,74,-0.069,-0.009,245,1007,862,3,1,2017,4.1,0.1,3.5,16
W.Gallman,NYG,21,-0.052,-0.039,111,476,415,0,3,2017,4.3,0.1,3.7,15
T.Coleman,ATL,9,-0.065,-0.072,156,628,576,5,1,2017,4.0,0.1,3.7,14
C.Hyde,SF,14,-0.074,-0.072,239,940,865,8,2,2017,3.9,0.1,3.6,12
C.McCaffrey,CAR,14,-0.062,-0.056,117,435,413,2,1,2017,3.7,0.1,3.5,11
K.Williams,ARI,17,-0.066,-0.051,120,426,436,1,0,2017,3.6,0.1,3.6,10
A.Abdullah,DET,-47,-0.100,-0.160,165,553,525,4,2,2017,3.4,-0.1,3.2,-9
L.Blount,PHI,-5,-0.098,-0.092,173,766,619,2,1,2017,4.4,-0.1,3.6,-9
K.Drake,MIA,30,-0.113,-0.030,133,648,441,3,2,2017,4.9,-0.1,3.3,-14
M.Forte,NYJ,11,-0.139,-0.057,103,382,297,2,1,2017,3.7,-0.2,2.9,-20
J.McKinnon,MIN,-25,-0.127,-0.128,150,570,460,3,2,2017,3.8,-0.2,3.1,-24
L.McCoy,BUF,-7,-0.108,-0.092,286,1138,962,6,3,2017,4.0,-0.1,3.4,-26
C.Ivory,JAC,-50,-0.170,-0.197,112,386,327,1,2,2017,3.4,-0.3,2.9,-38
B.Powell,NYJ,5,-0.148,-0.079,178,772,526,5,0,2017,4.3,-0.2,3.0,-43
J.Stewart,CAR,-34,-0.148,-0.126,198,681,650,6,3,2017,3.4,-0.3,3.3,-54
D.Martin,TB,-83,-0.225,-0.235,138,405,352,3,1,2017,2.9,-0.6,2.6,-77
A.Peterson,2TM,-79,-0.219,-0.209,156,534,411,3,3,2017,3.4,-0.5,2.6,-85
S.Perine,WAS,-63,-0.205,-0.174,174,599,478,1,2,2017,3.4,-0.5,2.7,-85
A.Jones,GB,134,0.313,0.287,81,448,542,4,0,2017,5.5,1.8,6.7,143
Du.Johnson,CLE,92,0.157,0.161,81,344,467,4,1,2017,4.2,1.1,5.8,90
R.Smith,DAL,82,0.239,0.242,55,232,347,4,0,2017,4.2,1.5,6.3,81
C.Grant,JAC,75,0.536,0.511,30,248,236,2,0,2017,8.3,2.6,7.9,79
C.Clement,PHI,71,0.145,0.143,74,321,382,4,0,2017,4.3,1.0,5.2,71
A.Ekeler,LACH,61,0.227,0.240,47,260,257,2,1,2017,5.5,1.3,5.5,59
R.Burkhead,NE,65,0.105,0.136,64,264,344,5,1,2017,4.1,0.9,5.4,56
D.Cook,MIN,66,0.074,0.135,74,354,333,2,1,2017,4.8,0.6,4.5,48
T.Montgomery,GB,41,0.028,0.040,71,273,341,3,0,2017,3.8,0.5,4.8,37
S.Ridley,PIT,12,0.271,0.043,26,108,135,1,0,2017,4.2,1.3,5.2,34
C.Carson,SEA,21,0.070,0.013,49,208,234,0,0,2017,4.2,0.7,4.8,33
E.Penny,ARI,44,0.158,0.241,31,124,168,2,0,2017,4.0,1.1,5.4,33
J.D.McKissic,SEA,26,0.082,0.054,45,186,209,1,0,2017,4.1,0.7,4.6,31
J.Conner,PIT,18,0.102,0.079,32,144,125,0,0,2017,4.5,0.6,3.9,20
T.Green,DET,19,0.000,0.014,42,165,192,2,0,2017,3.9,0.4,4.6,17
J.Richard,OAK,15,-0.014,-0.014,56,275,209,1,1,2017,4.9,0.3,3.7,15
R.Kelley,WAS,9,-0.028,-0.050,62,194,254,3,0,2017,3.1,0.2,4.1,15
A.Blue,HOU,6,-0.040,-0.068,71,262,286,1,0,2017,3.7,0.2,4.0,14
T.West,BAL,18,0.002,0.030,39,139,158,2,1,2017,3.6,0.4,4.1,14
T.Ward,ATL,7,-0.003,-0.027,30,129,121,0,1,2017,4.3,0.3,4.0,10
D.Foreman,HOU,-5,-0.055,-0.100,78,327,300,2,2,2017,4.2,0.1,3.8,10
C.Sims,TB,12,0.029,0.064,21,95,82,0,0,2017,4.5,0.4,3.9,9
C.Thompson,WAS,8,-0.049,-0.052,64,296,219,2,1,2017,4.6,0.1,3.4,9
K.Bibbs,WAS,4,0.022,-0.036,21,79,83,0,0,2017,3.8,0.4,4.0,9
R.Turbin,IND,0,-0.024,-0.089,23,53,114,1,0,2017,2.3,0.3,5.0,7
M.Mack,IND,11,-0.069,-0.058,93,365,342,4,1,2017,3.9,0.1,3.7,6
T.Cohen,CHI,4,-0.068,-0.073,87,372,284,2,2,2017,4.3,0.1,3.3,6
M.Brown,LARM,-3,-0.069,-0.097,63,246,201,1,1,2017,3.9,0.1,3.2,4
T.J.Yeldon,JAC,-3,-0.067,-0.104,49,253,172,2,2,2017,5.2,0.1,3.5,4
J.Rodgers,TB,15,-0.077,-0.028,64,244,233,1,0,2017,3.8,0.0,3.6,2
J.Charles,DEN,37,-0.079,0.046,69,305,247,1,2,2017,4.4,0.0,3.6,2
J.White,NE,8,-0.093,-0.036,43,171,143,0,0,2017,4.0,0.0,3.3,-1
D.Booker,DEN,25,-0.092,-0.005,79,299,262,1,1,2017,3.8,0.0,3.3,-2
T.Cadet,2TM,10,-0.112,0.014,23,96,80,0,0,2017,4.2,-0.1,3.5,-3
T.Riddick,DET,-8,-0.095,-0.113,84,286,258,3,1,2017,3.4,0.0,3.1,-3
A.Ellington,2TM,-5,-0.163,-0.150,20,55,58,1,0,2017,2.8,-0.3,2.9,-6
J.Hill,CIN,-19,-0.142,-0.208,37,121,121,0,1,2017,3.3,-0.2,3.3,-9
M.Tolbert,BUF,-31,-0.121,-0.210,66,248,204,1,2,2017,3.8,-0.1,3.1,-9
C.Johnson,ARI,-34,-0.196,-0.281,45,114,120,0,0,2017,2.5,-0.4,2.7,-19
W.Smallwood,PHI,-3,-0.195,-0.101,47,174,127,1,0,2017,3.7,-0.4,2.7,-20
S.Vereen,NYG,-13,-0.226,-0.165,45,164,101,0,0,2017,3.6,-0.5,2.2,-22
Da.Williams,MIA,-28,-0.227,-0.244,46,181,112,0,0,2017,3.9,-0.5,2.4,-25
P.Perkins,NYG,-39,-0.271,-0.336,41,90,88,0,0,2017,2.2,-0.7,2.1,-29
B.Oliver,LACH,-35,-0.314,-0.334,35,83,69,0,0,2017,2.4,-0.9,2.0,-32
Dw.Washington,DET,-33,-0.491,-0.452,20,44,18,0,0,2017,2.2,-1.8,0.9,-36
M.Davis,SEA,-53,-0.231,-0.292,69,240,161,0,0,2017,3.5,-0.6,2.3,-38
D.Washington,OAK,-34,-0.331,-0.239,57,153,103,2,1,2017,2.7,-1.0,1.8,-55
E.McGuire,NYJ,-38,-0.258,-0.203,88,315,191,1,1,2017,3.6,-0.6,2.2,-56
E.Lacy,SEA,-71,-0.379,-0.341,69,179,107,0,0,2017,2.6,-1.2,1.6,-81
T.Rawls,SEA,-86,-0.409,-0.418,58,157,87,0,1,2017,2.7,-1.4,1.5,-83
T.Gurley,LAR,342,0.236,0.215,256,1251,1572,17,0,2018,4.9,1.4,6.1,366
D.Henry,TEN,234,0.231,0.178,215,1059,1217,12,0,2018,4.9,1.3,5.7,281
A.Kamara,NO,281,0.185,0.235,194,896,1139,14,0,2018,4.6,1.2,5.9,238
M.Mack,IND,177,0.168,0.122,195,912,1085,9,1,2018,4.7,1.1,5.6,216
M.Gordon,LAC,239,0.208,0.249,175,885,955,10,0,2018,5.1,1.2,5.5,210
P.Lindsay,DEN,228,0.173,0.205,192,1037,1005,9,0,2018,5.4,1.1,5.2,203
C.McCaffrey,CAR,181,0.096,0.113,219,1099,1057,7,2,2018,5.0,0.8,4.8,167
J.Mixon,CIN,154,0.064,0.064,237,1168,1132,8,0,2018,4.9,0.6,4.8,154
E.Elliott,DAL,121,0.029,0.008,304,1436,1354,6,6,2018,4.7,0.5,4.5,149
A.Jones,GB,184,0.171,0.238,133,728,725,9,1,2018,5.5,1.1,5.5,146
K.Hunt,KC,133,0.091,0.089,181,840,871,8,0,2018,4.6,0.7,4.8,134
C.Carson,SEA,134,0.039,0.040,247,1151,1133,9,3,2018,4.7,0.5,4.6,133
G.Edwards,BAL,202,0.139,0.265,137,718,706,2,0,2018,5.2,0.9,5.2,130
S.Barkley,NYG,45,0.033,-0.044,261,1307,1128,11,0,2018,5.0,0.5,4.3,127
K.Johnson,DET,112,0.175,0.149,118,641,612,3,1,2018,5.4,1.1,5.2,124
J.Conner,PIT,137,0.023,0.065,215,972,943,12,3,2018,4.5,0.5,4.4,99
F.Gore,MIA,70,0.057,0.031,156,722,660,0,1,2018,4.6,0.6,4.2,86
N.Chubb,CLE,129,0.011,0.070,192,996,841,8,0,2018,5.2,0.4,4.4,80
M.Davis,SEA,115,0.090,0.167,112,514,522,4,0,2018,4.6,0.7,4.7,80
M.Ingram,NO,94,0.029,0.066,138,645,648,6,2,2018,4.7,0.5,4.7,71
A.Ekeler,LAC,73,0.049,0.080,106,554,474,3,0,2018,5.2,0.6,4.5,59
K.Drake,MIA,22,0.047,-0.036,120,535,474,4,2,2018,4.5,0.5,4.0,58
M.Breida,SF,97,0.013,0.079,153,814,601,3,1,2018,5.3,0.4,3.9,58
S.Michel,NE,101,-0.027,0.017,209,933,938,6,1,2018,4.5,0.3,4.5,58
J.Williams,GB,26,0.017,-0.034,121,464,513,3,0,2018,3.8,0.4,4.2,52
I.Crowell,NYJ,26,-0.019,-0.037,143,685,526,7,0,2018,4.8,0.3,3.7,37
L.Miller,HOU,46,-0.053,-0.030,210,973,766,5,0,2018,4.6,0.1,3.6,28
A.Peterson,WAS,-13,-0.060,-0.099,251,1042,917,7,2,2018,4.2,0.1,3.7,26
L.Murray,MIN,16,-0.042,-0.057,140,578,532,6,0,2018,4.1,0.2,3.8,25
T.Coleman,ATL,8,-0.064,-0.073,167,800,601,4,1,2018,4.8,0.1,3.6,14
R.Freeman,DEN,29,-0.068,-0.035,130,521,503,5,1,2018,4.0,0.1,3.9,10
A.Collins,BAL,-12,-0.094,-0.112,114,418,386,7,3,2018,3.7,0.0,3.4,-4
L.Fournette,JAX,-4,-0.093,-0.093,133,439,491,6,0,2018,3.3,0.0,3.7,-4
J.Adams,PHI,-16,-0.110,-0.116,120,511,423,3,1,2018,4.3,-0.1,3.5,-12
T.J.Yeldon,JAX,-22,-0.125,-0.137,104,414,341,1,1,2018,4.0,-0.2,3.3,-17
C.Hyde,2TM,-93,-0.110,-0.213,172,588,601,5,2,2018,3.4,-0.1,3.5,-18
C.Ivory,BUF,-45,-0.143,-0.183,115,385,358,1,1,2018,3.3,-0.2,3.1,-27
D.Cook,MIN,-27,-0.137,-0.137,133,616,411,2,2,2018,4.6,-0.2,3.1,-27
D.Martin,OAK,19,-0.122,-0.060,172,725,601,4,3,2018,4.2,-0.2,3.5,-27
J.Howard,CHI,25,-0.111,-0.063,250,935,892,9,2,2018,3.7,-0.1,3.6,-28
P.Barber,TB,-83,-0.124,-0.172,234,871,773,6,1,2018,3.7,-0.2,3.3,-37
Da.Johnson,ARI,0,-0.126,-0.086,258,940,823,7,2,2018,3.6,-0.2,3.2,-42
D.Lewis,TEN,-130,-0.201,-0.303,155,517,401,1,1,2018,3.3,-0.4,2.6,-69
A.Blue,HOU,-98,-0.230,-0.238,150,499,405,2,0,2018,3.3,-0.6,2.7,-93
A.Morris,SF,-60,-0.305,-0.214,111,429,236,2,2,2018,3.9,-0.9,2.1,-103
L.McCoy,BUF,-119,-0.262,-0.278,161,514,355,3,0,2018,3.2,-0.7,2.2,-109
L.Blount,DET,-142,-0.279,-0.304,154,418,355,5,1,2018,2.7,-0.8,2.3,-125
C.J.Anderson,2TM,135,0.412,0.390,67,403,473,2,0,2018,6.0,2.1,7.1,141
Da.Williams,KC,66,0.264,0.207,50,257,323,4,1,2018,5.1,1.6,6.5,79
Z.Zenner,DET,77,0.193,0.227,55,265,322,3,0,2018,4.8,1.2,5.9,68
J.Wilkins,IND,58,0.150,0.138,60,336,324,1,0,2018,5.6,1.0,5.4,61
K.Bibbs,2TM,49,0.509,0.418,21,103,178,3,0,2018,4.9,2.8,8.5,58
R.Penny,SEA,53,0.089,0.079,85,419,367,2,0,2018,4.9,0.7,4.3,56
J.White,NE,41,0.016,0.013,94,425,421,5,0,2018,4.5,0.4,4.5,42
W.Smallwood,PHI,53,0.031,0.065,87,364,369,3,1,2018,4.2,0.5,4.2,41
R.Mostert,SF,60,0.194,0.331,34,261,189,1,1,2018,7.7,1.2,5.6,40
K.Dixon,BAL,58,0.081,0.164,60,337,260,2,2,2018,5.6,0.6,4.3,38
S.Ware,KC,32,0.090,0.061,51,246,249,2,0,2018,4.8,0.7,4.9,38
M.Murphy,BUF,31,0.106,0.078,52,250,219,0,0,2018,4.8,0.7,4.2,36
M.Brown,LAR,37,0.097,0.104,43,212,225,0,0,2018,4.9,0.8,5.2,36
W.Gallman,NYG,11,0.073,-0.027,51,176,209,1,0,2018,3.5,0.6,4.1,30
D.Booker,DEN,43,0.096,0.199,34,183,175,1,0,2018,5.4,0.8,5.1,27
M.Lynch,OAK,51,-0.023,0.044,90,376,381,3,0,2018,4.2,0.3,4.2,25
Du.Johnson,CLE,21,0.072,0.053,40,201,167,0,0,2018,5.0,0.6,4.2,24
D.Sproles,PHI,19,0.085,0.080,29,120,128,1,0,2018,4.1,0.7,4.4,19
J.Samuels,PIT,15,-0.013,-0.022,56,256,231,0,0,2018,4.6,0.3,4.1,17
T.Montgomery,2TM,25,0.009,0.059,42,188,177,1,1,2018,4.5,0.4,4.2,17
G.Bernard,CIN,18,-0.016,-0.007,56,211,224,3,0,2018,3.8,0.3,4.0,16
K.Ballage,MIA,0,0.010,-0.085,36,186,167,1,1,2018,5.2,0.4,4.6,16
Dw.Washington,NO,17,0.031,0.083,27,154,109,0,0,2018,5.7,0.4,4.0,12
J.Jackson,LAC,39,-0.060,0.091,50,206,198,2,0,2018,4.1,0.1,4.0,6
T.Riddick,DET,13,-0.047,0.005,40,171,130,0,0,2018,4.3,0.1,3.3,5
J.Rodgers,TB,-7,-0.076,-0.143,33,106,105,1,0,2018,3.2,0.0,3.2,1
R.Burkhead,NE,-43,-0.082,-0.272,57,186,200,0,1,2018,3.3,0.0,3.5,1
B.Hill,ATL,10,-0.108,0.049,20,157,61,0,1,2018,7.9,-0.1,3.1,-2
J.Wilson,SF,-20,-0.094,-0.160,66,266,231,0,3,2018,4.0,0.0,3.5,-2
K.Ford,BUF,-2,-0.150,-0.110,21,79,68,0,0,2018,3.8,-0.3,3.2,-6
R.Smith,DAL,-24,-0.128,-0.208,44,127,156,1,0,2018,2.9,-0.2,3.5,-8
T.Cannon,NYJ,-31,-0.147,-0.283,38,113,121,1,0,2018,3.0,-0.3,3.2,-10
N.Hines,IND,-16,-0.118,-0.128,85,313,304,2,1,2018,3.7,-0.1,3.6,-12
R.Jones,TB,-24,-0.243,-0.341,23,44,56,1,0,2018,1.9,-0.7,2.4,-15
J.Kelly,LAR,-23,-0.223,-0.295,27,74,69,0,0,2018,2.7,-0.6,2.6,-15
D.Washington,OAK,-5,-0.196,-0.120,29,111,96,0,1,2018,3.8,-0.6,3.3,-16
B.Allen,BAL,-19,-0.163,-0.180,41,113,148,3,0,2018,2.8,-0.4,3.6,-16
T.Cohen,CHI,0,-0.129,-0.085,99,445,313,3,2,2018,4.5,-0.2,3.2,-17
I.Smith,ATL,-12,-0.134,-0.116,90,318,301,4,1,2018,3.5,-0.2,3.3,-19
J.Ajayi,PHI,5,-0.179,-0.060,45,184,145,3,1,2018,4.1,-0.4,3.2,-19
C.Edmonds,ARI,-11,-0.189,-0.128,60,208,182,2,1,2018,3.5,-0.5,3.0,-27
J.Richard,OAK,-7,-0.203,-0.113,55,259,160,1,2,2018,4.7,-0.5,2.9,-28
C.Clement,PHI,-28,-0.199,-0.188,68,259,187,2,2,2018,3.8,-0.5,2.8,-31
B.Powell,NYJ,-33,-0.199,-0.196,80,343,203,0,2,2018,4.3,-0.4,2.5,-34
C.Thompson,WAS,-45,-0.307,-0.369,43,178,78,0,1,2018,4.1,-0.8,1.8,-35
S.Ridley,PIT,-40,-0.480,-0.437,29,80,25,1,1,2018,2.8,-1.6,0.9,-45
E.McGuire,NYJ,-104,-0.321,-0.359,92,276,183,3,2,2018,3.0,-1.0,2.0,-90
E.Elliott,DAL,271,0.165,0.124,301,1358,1637,12,3,2019,4.5,1.1,5.4,324
C.McCaffrey,CAR,190,0.149,0.075,287,1387,1468,15,1,2019,4.8,1.0,5.1,278
M.Ingram,BAL,249,0.198,0.190,202,1018,1194,10,2,2019,5.0,1.3,5.9,257
A.Jones,GB,226,0.120,0.138,236,1091,1202,16,2,2019,4.6,0.9,5.1,207
K.Drake,2TM,176,0.197,0.160,170,817,942,8,2,2019,4.8,1.2,5.5,202
D.Henry,TEN,251,0.067,0.114,303,1542,1391,16,5,2019,5.1,0.6,4.6,192
R.Mostert,SF,188,0.268,0.263,137,772,775,8,1,2019,5.6,1.4,5.7,191
D.Cook,MIN,191,0.093,0.101,250,1135,1178,13,3,2019,4.5,0.7,4.7,183
N.Chubb,CLE,99,0.045,-0.006,298,1493,1324,8,2,2019,5.0,0.5,4.4,162
C.Carson,SEA,96,0.019,-0.008,278,1235,1278,7,6,2019,4.4,0.5,4.6,130
G.Edwards,BAL,124,0.118,0.115,133,710,736,2,2,2019,5.3,0.9,5.5,126
J.Jacobs,OAK,171,0.035,0.079,242,1152,1096,7,1,2019,4.8,0.5,4.5,126
L.Murray,NO,118,0.107,0.096,146,637,760,5,0,2019,4.4,0.9,5.2,125
J.Howard,PHI,105,0.142,0.127,119,525,608,6,0,2019,4.4,0.9,5.1,113
M.Mack,IND,155,0.010,0.058,247,1091,1087,8,0,2019,4.4,0.4,4.4,102
P.Lindsay,DEN,133,0.019,0.062,224,1011,928,7,0,2019,4.5,0.4,4.1,94
J.Mixon,CIN,74,-0.009,-0.023,278,1137,1156,5,0,2019,4.1,0.3,4.2,90
S.Barkley,NYG,29,0.004,-0.055,217,1003,933,6,0,2019,4.6,0.4,4.3,84
A.Kamara,NO,56,0.031,-0.005,171,802,729,5,3,2019,4.7,0.5,4.3,81
D.Singletary,BUF,65,0.037,0.021,151,775,647,2,4,2019,5.1,0.5,4.3,75
T.Gurley,LAR,56,-0.024,-0.027,223,858,907,12,3,2019,3.8,0.3,4.1,58
C.Hyde,HOU,90,-0.033,0.002,245,1086,968,6,4,2019,4.4,0.2,4.0,54
R.Jones,TB,25,-0.023,-0.049,172,724,660,6,2,2019,4.2,0.3,3.8,43
A.Peterson,WAS,57,-0.041,-0.019,211,900,799,5,2,2019,4.3,0.2,3.8,39
M.Breida,SF,14,-0.018,-0.057,123,623,462,1,2,2019,5.1,0.3,3.8,33
J.Williams,GB,57,-0.015,0.043,107,460,430,1,0,2019,4.3,0.3,4.0,31
A.Mattison,MIN,10,-0.022,-0.060,100,462,360,1,1,2019,4.6,0.2,3.6,24
S.Michel,NE,1,-0.064,-0.085,247,912,953,7,2,2019,3.7,0.1,3.9,23
L.McCoy,KC,41,-0.041,0.006,101,465,414,4,2,2019,4.6,0.2,4.1,20
M.Sanders,PHI,9,-0.066,-0.073,179,818,662,3,2,2019,4.6,0.1,3.7,14
Dam.Williams,KC,23,-0.068,-0.037,111,500,412,5,1,2019,4.5,0.1,3.7,8
M.Gordon,LAC,38,-0.075,-0.034,162,615,639,8,3,2019,3.8,0.0,3.9,8
D.Washington,OAK,22,-0.070,-0.040,108,387,422,3,0,2019,3.6,0.1,3.9,7
L.Fournette,JAX,-7,-0.086,-0.092,265,1152,980,3,0,2019,4.3,0.0,3.7,0
A.Ekeler,LAC,24,-0.100,-0.045,132,559,485,3,1,2019,4.2,-0.1,3.7,-8
R.Freeman,DEN,21,-0.110,-0.047,132,500,431,3,0,2019,3.8,-0.1,3.3,-12
J.Conner,PIT,19,-0.113,-0.046,115,464,389,4,1,2019,4.0,-0.1,3.4,-13
B.Snell,PIT,6,-0.117,-0.072,108,426,364,2,1,2019,3.9,-0.1,3.4,-14
D.Freeman,ATL,-45,-0.111,-0.146,184,661,609,2,2,2019,3.6,-0.1,3.3,-19
K.Johnson,DET,-10,-0.137,-0.105,113,403,385,3,1,2019,3.6,-0.2,3.4,-26
T.Coleman,SF,-3,-0.153,-0.092,137,544,425,6,0,2019,4.0,-0.3,3.1,-38
D.Montgomery,CHI,-41,-0.130,-0.125,242,889,820,6,2,2019,3.7,-0.2,3.4,-46
F.Gore,BUF,-92,-0.152,-0.209,166,599,561,3,0,2019,3.6,-0.3,3.4,-50
L.Bell,NYJ,-54,-0.166,-0.143,246,790,695,3,0,2019,3.2,-0.3,2.8,-76
P.Barber,TB,-82,-0.298,-0.211,154,470,341,7,1,2019,3.1,-0.9,2.2,-140
R.Penny,SEA,78,0.324,0.191,65,370,428,3,1,2019,5.7,1.8,6.6,115
B.Scott,PHI,73,0.222,0.177,61,245,375,5,1,2019,4.0,1.4,6.1,85
R.Burkhead,NE,75,0.222,0.186,65,302,373,3,0,2019,4.6,1.3,5.7,85
C.Edmonds,ARI,74,0.317,0.267,60,303,316,4,0,2019,5.1,1.4,5.3,84
T.Pollard,DAL,64,0.116,0.095,86,455,419,2,1,2019,5.3,0.8,4.9,71
J.Wilkins,IND,77,0.209,0.271,51,307,289,2,0,2019,6.0,1.3,5.7,64
J.Jackson,LAC,56,0.349,0.393,29,200,182,0,0,2019,6.9,1.7,6.3,50
D.Guice,WAS,51,0.157,0.204,42,245,219,2,0,2019,5.8,1.0,5.2,42
J.Wilson,SF,32,0.203,0.156,27,105,177,4,0,2019,3.9,1.4,6.6,39
N.Hines,IND,44,0.084,0.107,52,199,257,2,0,2019,3.8,0.7,4.9,38
M.Boone,MIN,51,0.090,0.168,49,273,229,4,0,2019,5.6,0.7,4.7,35
M.Walton,MIA,5,0.067,-0.061,53,201,238,0,0,2019,3.8,0.6,4.5,33
T.Johnson,DET,19,0.035,-0.005,63,273,247,0,0,2019,4.3,0.4,3.9,28
I.Smith,ATL,21,0.137,0.088,22,106,147,1,0,2019,4.8,1.2,6.7,27
K.Hunt,CLE,21,0.079,0.045,43,173,181,2,1,2019,4.0,0.6,4.2,26
M.Brown,LAR,30,-0.001,0.016,69,255,293,5,0,2019,3.7,0.4,4.2,25
J.D.McKissic,DET,25,0.065,0.079,38,205,171,0,0,2019,5.4,0.6,4.5,23
K.Whyte,PIT,19,0.181,0.146,25,122,104,0,0,2019,4.9,0.8,4.2,21
J.Williams,IND,45,0.020,0.138,49,235,208,1,0,2019,4.8,0.4,4.2,21
Du.Johnson,HOU,40,-0.020,0.038,83,410,312,2,1,2019,4.9,0.3,3.8,21
D.Thompson,KC,15,0.016,0.009,38,128,160,1,0,2019,3.4,0.4,4.2,16
B.Hill,ATL,26,-0.041,-0.003,78,323,287,2,0,2019,4.1,0.2,3.7,14
J.Hill,BAL,1,-0.026,-0.079,58,225,203,2,0,2019,3.9,0.2,3.5,13
B.Scarbrough,DET,15,-0.057,-0.044,89,377,329,1,1,2019,4.2,0.1,3.7,10
J.Richard,OAK,12,-0.036,-0.015,39,145,157,0,0,2019,3.7,0.2,4.0,8
A.Abdullah,MIN,7,0.005,0.018,23,115,68,0,0,2019,5.0,0.3,3.0,6
C.Thompson,WAS,-5,-0.064,-0.119,37,138,132,0,0,2019,3.7,0.1,3.6,3
J.White,NE,0,-0.090,-0.086,67,263,245,1,0,2019,3.9,0.0,3.7,-1
M.Gaskin,MIA,-1,-0.103,-0.091,36,133,129,1,0,2019,3.7,-0.1,3.6,-3
Q.Ollison,ATL,1,-0.111,-0.077,22,50,97,4,1,2019,2.3,-0.1,4.4,-3
W.Smallwood,WAS,-6,-0.132,-0.155,22,81,66,0,0,2019,3.7,-0.2,3.0,-4
D.Henderson,LAR,-6,-0.116,-0.122,39,147,125,0,0,2019,3.8,-0.1,3.2,-5
W.Gallman,NYG,-12,-0.155,-0.181,29,111,96,2,1,2019,3.8,-0.3,3.3,-9
Da.Johnson,ARI,6,-0.108,-0.070,94,345,327,2,0,2019,3.7,-0.1,3.5,-9
Dar.Williams,KC,-13,-0.157,-0.146,41,141,160,3,1,2019,3.4,-0.4,3.9,-15
B.Powell,NYJ,-1,-0.186,-0.088,59,229,155,0,0,2019,3.9,-0.4,2.6,-22
T.Cohen,CHI,-22,-0.172,-0.168,64,215,192,0,0,2019,3.4,-0.4,3.0,-23
R.Armstead,JAX,-28,-0.260,-0.296,35,108,76,0,0,2019,3.1,-0.7,2.2,-23
D.Lewis,TEN,-18,-0.207,-0.174,54,209,140,0,1,2019,3.9,-0.5,2.6,-26
T.Montgomery,NYJ,-22,-0.304,-0.263,32,103,62,0,0,2019,3.2,-0.8,1.9,-27
T.Edmunds,PIT,-27,-0.369,-0.348,22,92,41,0,0,2019,4.2,-1.3,1.9,-29
J.Hilliman,NYG,-28,-0.329,-0.302,30,91,61,1,1,2019,3.0,-1.1,2.0,-32
P.Laird,MIA,-66,-0.230,-0.365,62,168,148,2,0,2019,2.7,-0.5,2.4,-34
C.J.Prosise,SEA,-31,-0.496,-0.397,23,72,19,1,1,2019,3.1,-1.8,0.8,-41
G.Bernard,CIN,-43,-0.335,-0.294,53,170,95,0,0,2019,3.2,-1.0,1.8,-52
J.Samuels,PIT,-58,-0.326,-0.304,66,175,125,1,0,2019,2.7,-1.0,1.9,-64
K.Ballage,MIA,-87,-0.339,-0.381,74,135,134,3,0,2019,1.8,-1.0,1.8,-75